algorithm_id,algorithm_label,seed,checkpoint_index,iteration,episode,nodes_touched,wall_clock_seconds,exploitability,average_policy_value,policy_value_error,average_policy_loss,regret_loss_player_0,regret_loss_player_1,baseline_loss_player_0,baseline_loss_player_1,checkpoint_kind,checkpoint_target_nodes,is_initial_policy_evaluation,is_final_policy_evaluation,result_source,calibration_loss,unbiased_estimator_sample_count,control_variate_beta_mean,control_variate_beta_min,control_variate_beta_max,predicted_residual_variance_mean,q_ensemble_disagreement_mean,q_residual_abs_mean,control_residual_abs_mean,importance_correction_abs_mean,policy_weighted_advantage_abs_mean,full_support_sampling_min_probability,calibration_target_version,q_ensemble_target_version_min,q_ensemble_target_version_max,prediction_gate_player_0,prediction_gate_player_1,prediction_gate_next_player_0,prediction_gate_next_player_1,predictor_relative_skill_player_0,predictor_relative_skill_player_1,predictor_holdout_mse_player_0,predictor_holdout_mse_player_1,predictor_zero_mse_player_0,predictor_zero_mse_player_1,q_fold_0_replay_size,q_fold_1_replay_size,q_fold_2_replay_size,q_lifetime_seen_count,q_fold_0_lifetime_seen_count,q_fold_1_lifetime_seen_count,q_fold_2_lifetime_seen_count
fixed_beta_reservoir_escher,Fixed-Beta Reservoir ESCHER,0,0,0,0,0.0,0.7364044580000098,2.373611111111111,-0.078125,0.007481424077999996,,,,,,initial_untrained_policy,,True,False,experiment_13_new_run,,0.0,0.0,,,0.0,0.0,0.0,0.0,0.0,0.0,1.0,0.0,0.0,0.0,0.0,0.0,0.0,0.0,0.0,0.0,,,,,0.0,0.0,0.0,0.0,0.0,0.0,0.0
fixed_beta_reservoir_escher,Fixed-Beta Reservoir ESCHER,0,1,1,1532,10000.0,30.274875121999997,1.0070352306486212,0.006773903845688753,0.09238032792368875,3.082966770762141e-08,,,,,early_node_threshold,10000,False,False,experiment_13_new_run,,4624.0,1.0,1.0,1.0,1.0000100135803223,0.0,0.06983630556294954,0.06983630556294954,0.10475445834442328,0.0,0.5,0.0,0.0,0.0,0.0,0.0,0.0,0.0,0.0,0.0,,,,,1550.0,1526.0,1548.0,4624.0,1550.0,1526.0,1548.0
fixed_beta_reservoir_escher,Fixed-Beta Reservoir ESCHER,0,2,1,20000,129605.0,418.720498734,3.9998844186791316,1.000007137070458,1.0856135611484579,1.9813386487044227e-08,0.007003729697316885,0.22124624252319336,8.560290728117556e-07,8.560290728117556e-07,outer_iteration,,False,False,experiment_13_new_run,-2.64475154876709,61189.0,1.0,1.0,1.0,1.0000100135803223,0.0,0.13272999043319658,0.13272999043319658,0.25201990805294044,0.0,0.3333333333333333,1.0,1.0,1.0,0.0,0.0,0.0,0.0,0.0,0.0,0.01391579769551754,0.32613009214401245,0.01391579769551754,0.32613009214401245,20348.0,20381.0,20460.0,61189.0,20348.0,20381.0,20460.0
fixed_beta_reservoir_escher,Fixed-Beta Reservoir ESCHER,0,3,2,40000,293602.0,841.693435293,5.7590362598405145,1.5720418051009188,1.6576482291789187,0.14728005230426788,0.34429946541786194,1.312377691268921,0.0010023592427993815,0.0010023592427993815,outer_iteration,,False,False,experiment_13_new_run,-1.4548903703689575,91232.0,1.0,1.0,1.0,0.037439245343318814,0.001549090721305511,0.42863135249438994,0.42863135249438994,0.7603887508584235,6.2931786227879196e-18,0.08785667876403264,2.0,2.0,2.0,0.0,0.0,0.0,0.0,-0.0030065295500179,-0.02370212151105977,0.7055791020393372,1.949512004852295,0.7030887007713318,1.8364152908325195,50746.0,50729.0,50946.0,152421.0,50746.0,50729.0,50946.0
fixed_beta_reservoir_escher,Fixed-Beta Reservoir ESCHER,0,4,3,60000,472738.0,1281.945728792,3.8488052079705906,-0.2889274537703095,0.20332102969230947,0.09266520291566849,3.143315553665161,0.7029088139533997,0.000451148235394309,0.000451148235394309,outer_iteration,,False,False,experiment_13_new_run,-1.095218300819397,101035.0,1.0,1.0,1.0,1.6132630618112973,0.002139954665798347,0.3268393750610727,0.3268393750610727,0.6254587870780113,1.3319504912081393e-17,0.07949705694827199,3.0,3.0,3.0,0.0,0.0,0.0,0.0,-0.06546740075219648,-0.026673342763011698,4.032620429992676,0.7938401103019714,3.741133689880371,0.7607876658439636,84450.0,84289.0,84717.0,253456.0,84450.0,84289.0,84717.0
fixed_beta_reservoir_escher,Fixed-Beta Reservoir ESCHER,0,5,4,80000,649706.0,1715.953202584,2.88918227002699,0.4018772901757835,0.4874837142537835,0.06200096011161804,0.6059438586235046,0.2575998604297638,0.0017624923881764214,0.0017624923881764214,outer_iteration,,False,False,experiment_13_new_run,-1.141794204711914,101127.0,1.0,1.0,1.0,2.484211297491866,0.002227102362759923,0.23313010165241874,0.23313010165241874,0.45407268737436224,1.1818460713556576e-17,0.09575609921927046,4.0,4.0,4.0,0.0,0.0,0.0,0.0,-0.07363457854711086,-0.02902050374558418,0.9693587422370911,0.40130776166915894,0.8721588850021362,0.37961235642433167,118209.0,117935.0,118439.0,354583.0,118209.0,117935.0,118439.0
fixed_beta_reservoir_escher,Fixed-Beta Reservoir ESCHER,0,6,5,100000,813978.0,2141.860523453,1.6490739019934753,0.17070453131829894,0.25631095539629895,0.0479252003133297,0.179221048951149,0.09496989101171494,0.009243065801759561,0.009243065801759561,outer_iteration,,False,False,experiment_13_new_run,-1.214101791381836,89825.0,1.0,1.0,1.0,2.7616852036684927,0.0018595779156445936,0.16882697947787365,0.16882697947787365,0.33381194559829647,1.1768376746755247e-17,0.08416357454950633,5.0,5.0,5.0,0.0,0.0,0.0,0.0,-0.07182024026015643,-0.030770971152687565,0.25742143392562866,0.15465430915355682,0.24765272438526154,0.14250360429286957,148172.0,147883.0,148353.0,444408.0,148172.0,147883.0,148353.0
fixed_beta_reservoir_escher,Fixed-Beta Reservoir ESCHER,0,7,6,120000,981922.0,2565.839159546,1.0741981586028444,0.08431917741974149,0.1699256014977415,0.04154852032661438,0.0744088739156723,0.0756082534790039,0.012597810787459215,0.012597810787459215,outer_iteration,,False,False,experiment_13_new_run,-1.2904170751571655,93266.0,1.0,1.0,1.0,0.044036724893748595,0.0009427488485935825,0.13947467729361782,0.13947467729361782,0.27404055253319476,1.0610194306140521e-17,0.09650912033246499,6.0,6.0,6.0,0.0,0.0,0.0,0.0,-0.06769733398873945,-0.024675692835847807,0.10777916759252548,0.10632503777742386,0.11716405302286148,0.12827827036380768,179184.0,178993.0,179497.0,537674.0,179184.0,178993.0,179497.0
fixed_beta_reservoir_escher,Fixed-Beta Reservoir ESCHER,0,8,7,140000,1153243.0,2992.589310892,0.7525011557345541,-0.022762827287105658,0.06284359679089434,0.03353003412485123,0.057164568454027176,0.06770243495702744,0.01385948279251655,0.01385948279251655,outer_iteration,,False,False,experiment_13_new_run,-1.3914159536361694,95367.0,1.0,1.0,1.0,0.03711112738033162,0.0005197505266707482,0.12379075510416679,0.12379075510416679,0.23385332520100222,9.557939887881242e-18,0.08672616367156577,7.0,7.0,7.0,0.0,0.0,0.0,0.0,-0.06309954730921397,-0.01847715247536419,0.08682338893413544,0.08879994601011276,0.09847452491521835,0.11046422272920609,210859.0,210836.0,211346.0,633041.0,210859.0,210836.0,211346.0
fixed_beta_reservoir_escher,Fixed-Beta Reservoir ESCHER,0,9,8,160000,1324676.0,3418.967848902,0.612508983404634,-0.06094699383443836,0.02465943024356164,0.029506651684641838,0.046141352504491806,0.05617189034819603,0.012632740971942743,0.012632740971942743,outer_iteration,,False,False,experiment_13_new_run,-1.4785852432250977,95082.0,1.0,1.0,1.0,0.03398260314651826,0.0003042869074826725,0.11379995430707134,0.11379995430707134,0.22432247630349553,9.76661257469937e-18,0.08695875694749092,8.0,8.0,8.0,0.0,0.0,0.0,0.0,-0.05858762054749622,-0.013086257772320087,0.07447673380374908,0.07775824517011642,0.0856374204158783,0.09559813886880875,242552.0,242596.0,242975.0,728123.0,242552.0,242596.0,242975.0
fixed_beta_reservoir_escher,Fixed-Beta Reservoir ESCHER,0,10,9,180000,1495451.0,3851.669069952,0.4618484392021489,-0.09619468354467714,0.010588259466677144,0.02664797753095627,0.04396205022931099,0.04184476658701897,0.013746347588797411,0.013746347588797411,outer_iteration,,False,False,experiment_13_new_run,-1.534273386001587,94209.0,1.0,1.0,1.0,0.035874697947510845,0.00020193993936369587,0.10709257582216991,0.10709257582216991,0.21201138657146587,9.225294896922079e-18,0.08662639480854471,9.0,9.0,9.0,0.0,0.0,0.0,0.0,-0.053531622754318775,-0.007528769045864747,0.06767796725034714,0.06820253282785416,0.08009590953588486,0.08574790507555008,273929.0,274018.0,274385.0,822332.0,273929.0,274018.0,274385.0
fixed_beta_reservoir_escher,Fixed-Beta Reservoir ESCHER,0,11,10,200000,1665378.0,4282.626276707,0.37550685035817444,-0.10591577904340144,0.02030935496540144,0.0225770715624094,0.04267089441418648,0.043095555156469345,0.013495929539203644,0.013495929539203644,outer_iteration,,False,False,experiment_13_new_run,-1.5366510152816772,93619.0,1.0,1.0,1.0,0.039334452324870595,0.00015578461185737391,0.10459506508249826,0.10459506508249826,0.2002018159903624,8.453989475659422e-18,0.08552568887938292,10.0,10.0,10.0,0.0,0.0,0.0,0.0,-0.04861181135594439,-0.0018073060608458924,0.0653281882405281,0.06566227972507477,0.07658974081277847,0.08280906826257706,305071.0,305316.0,305564.0,915951.0,305071.0,305316.0,305564.0
fixed_beta_reservoir_escher,Fixed-Beta Reservoir ESCHER,0,12,11,220000,1835346.0,4705.626532783999,0.3066856166879612,-0.11717535124533918,0.03156892716733918,0.019574260339140892,0.05196617543697357,0.044243257492780685,0.012899135860304037,0.012899135860304037,outer_iteration,,False,False,experiment_13_new_run,-1.5828076601028442,93552.0,1.0,1.0,1.0,0.03653337514695164,0.00013516166803317987,0.10419669778657185,0.10419669778657185,0.19622433117040528,8.095676363485296e-18,0.08727210503834798,11.0,11.0,11.0,0.0,0.0,0.0,0.0022769164550155985,-0.043800498404020116,0.0022769164550155985,0.07323552668094635,0.06932879984378815,0.08311550319194794,0.0809297040104866,333333.0,333333.0,333333.0,1009503.0,336085.0,336552.0,336866.0
fixed_beta_reservoir_escher,Fixed-Beta Reservoir ESCHER,0,13,12,240000,2005586.0,5130.306074471,0.2852049008988785,-0.12053012144236463,0.03492369736436464,0.01787968911230564,0.05684346333146095,0.06005936861038208,0.012516390221814314,0.012516390221814314,outer_iteration,,False,False,experiment_13_new_run,-1.5600886344909668,94235.0,1.0,1.0,1.0,0.039771080981760985,0.00011058985261021135,0.1121418967722593,0.1121418967722593,0.21798710908195762,8.305320864248462e-18,0.08647380041807083,12.0,12.0,12.0,0.0,0.0022769164550155985,0.0,0.00636353334909745,-0.039049805852242825,0.00636353334909745,0.08172789216041565,0.08545508980751038,0.09056194871664047,0.09664876759052277,333333.0,333333.0,333333.0,1103738.0,367398.0,367858.0,368482.0
fixed_beta_reservoir_escher,Fixed-Beta Reservoir ESCHER,0,14,13,260000,2175292.0,5554.719372953001,0.27415588160462334,-0.11838091557750313,0.032774491499503136,0.016717029735445976,0.055389653891325,0.04732348397374153,0.015005276848872503,0.015005276848872503,outer_iteration,,False,False,experiment_13_new_run,-1.8134820461273193,93605.0,1.0,1.0,1.0,0.04792548453139311,0.00010435001725311598,0.11117476369430727,0.11117476369430727,0.220911872720344,8.711052675801394e-18,0.08323659939302668,13.0,13.0,13.0,0.0,0.00636353334909745,0.0,0.010723774641964612,-0.03381229360177529,0.010723774641964612,0.07769480347633362,0.0764213353395462,0.08743947744369507,0.08790150284767151,333333.0,333333.0,333333.0,1197343.0,398592.0,399193.0,399558.0
fixed_beta_reservoir_escher,Fixed-Beta Reservoir ESCHER,0,15,14,280000,2345103.0,5988.751817345999,0.2885430942017635,-0.11740397348838882,0.03179754941038883,0.016780178993940353,0.05694715678691864,0.05264556407928467,0.012084524147212505,0.012084524147212505,outer_iteration,,False,False,experiment_13_new_run,-1.8725841045379639,93716.0,1.0,1.0,1.0,0.04625130027438907,0.0001009910990765354,0.10884750656194998,0.10884750656194998,0.2177230372708774,9.004347467994349e-18,0.0858819826771203,14.0,14.0,14.0,0.0,0.010723774641964612,0.0,0.015286435567833379,-0.02791502636221832,0.015286435567833379,0.08023333549499512,0.07500415295362473,0.09102741628885269,0.08661317080259323,333333.0,333333.0,333333.0,1291059.0,429669.0,430566.0,430824.0
fixed_beta_reservoir_escher,Fixed-Beta Reservoir ESCHER,0,16,15,300000,2516119.0,6419.306707496,0.23231335228223915,-0.12047820437794793,0.03487178029994793,0.01454917062073946,0.05798160657286644,0.05829186737537384,0.015580942233403524,0.015580942233403524,outer_iteration,,False,False,experiment_13_new_run,-1.9521123170852661,94794.0,1.0,1.0,1.0,0.04551657627253201,9.335894194826758e-05,0.11264075637281969,0.11264075637281969,0.2233454557301985,8.846062692871543e-18,0.08641780097546765,15.0,15.0,15.0,0.0,0.015286435567833379,0.0,0.01935693084655088,-0.021749963898447966,0.01935693084655088,0.08402615785598755,0.07851988822221756,0.09501133114099503,0.0888143926858902,333333.0,333333.0,333333.0,1385853.0,461265.0,462173.0,462415.0
fixed_beta_reservoir_escher,Fixed-Beta Reservoir ESCHER,0,17,16,320000,2686858.0,6841.4630206580005,0.2126434888035987,-0.12090456021728826,0.03529813613928827,0.013502758927643299,0.053004492074251175,0.05266429856419563,0.013222376505533854,0.013222376505533854,outer_iteration,,False,False,experiment_13_new_run,-1.9542670249938965,94576.0,1.0,1.0,1.0,0.04977854121551483,8.635667845697883e-05,0.10781005834562338,0.10781005834562338,0.21275027384757655,8.710775227171167e-18,0.08479712497200992,16.0,16.0,16.0,0.0,0.01935693084655088,0.0,0.023882211693052935,-0.015048891333359071,0.023882211693052935,0.07657518237829208,0.07367734611034393,0.08858289569616318,0.08464055508375168,333333.0,333333.0,333333.0,1480429.0,492583.0,493812.0,494034.0
fixed_beta_reservoir_escher,Fixed-Beta Reservoir ESCHER,0,18,17,340000,2857179.0,7264.227144528,0.2046628328046844,-0.12009725606369598,0.03449083198569598,0.013250554911792278,0.05055839940905571,0.05143367126584053,0.012482943944633007,0.012482943944633007,outer_iteration,,False,False,experiment_13_new_run,-2.035243272781372,94228.0,1.0,1.0,1.0,0.0467949863883358,9.009904660243138e-05,0.10451721110757341,0.10451721110757341,0.20424778268074062,8.574509146855145e-18,0.08572542032731147,17.0,17.0,17.0,0.0,0.023882211693052935,0.0,0.02965265961999186,-0.007947576641945453,0.02965265961999186,0.07386253029108047,0.07582025974988937,0.08646533638238907,0.0891658291220665,333333.0,333333.0,333333.0,1574657.0,523954.0,525349.0,525354.0
fixed_beta_reservoir_escher,Fixed-Beta Reservoir ESCHER,0,19,18,360000,3027701.0,7694.3138482350005,0.190745623506239,-0.11627066181794987,0.030664237739949876,0.013625835068523884,0.051007915288209915,0.05242428556084633,0.014359290401140848,0.014359290401140848,outer_iteration,,False,False,experiment_13_new_run,-2.100574016571045,94313.0,1.0,1.0,1.0,0.0511585086444056,8.385031712117068e-05,0.10559436356502765,0.10559436356502765,0.205628950178289,8.568189022155574e-18,0.08585158618350294,18.0,18.0,18.0,0.0,0.02965265961999186,0.0,0.0362282826409952,-0.0007793770893103069,0.0362282826409952,0.06894434243440628,0.0758541077375412,0.08151228725910187,0.09064088016748428,333333.0,333333.0,333333.0,1668970.0,555272.0,556873.0,556825.0
fixed_beta_reservoir_escher,Fixed-Beta Reservoir ESCHER,0,20,19,380000,3198335.0,8123.588079808,0.1641130016568048,-0.11402232372438903,0.028415899646389034,0.012407646514475346,0.04669433459639549,0.06281178444623947,0.01453549942622582,0.01453549942622582,outer_iteration,,False,False,experiment_13_new_run,-2.039433002471924,94352.0,1.0,1.0,1.0,0.045451143355047345,8.464134206895148e-05,0.10869644399351173,0.10869644399351173,0.21568145015536128,8.815943007848539e-18,0.0857137785103575,19.0,19.0,19.0,0.0,0.0362282826409952,0.005636136054698593,0.04050604685963444,0.005636136054698593,0.04050604685963444,0.07430212199687958,0.08377399295568466,0.0854288712143898,0.09469356387853622,333333.0,333333.0,333333.0,1763322.0,586708.0,588295.0,588319.0
fixed_beta_reservoir_escher,Fixed-Beta Reservoir ESCHER,0,21,20,400000,3369380.0,8550.227189646,0.17677547704735513,-0.11584737968155379,0.03024095560355379,0.012117431499063969,0.05903051421046257,0.058083947747945786,0.014423185649017492,0.014423185649017492,outer_iteration,,False,False,experiment_13_new_run,-2.099846124649048,94793.0,1.0,1.0,1.0,0.049176597132461204,9.80153412353443e-05,0.11236702512928558,0.11236702512928558,0.2173295948824589,8.698579410628926e-18,0.08368267536510213,20.0,20.0,20.0,0.005636136054698593,0.04050604685963444,0.012337435960439125,0.04509280321228715,0.012337435960439125,0.04509280321228715,0.08097120374441147,0.0808061957359314,0.09263686090707779,0.09219025075435638,333333.0,333333.0,333333.0,1858115.0,618361.0,619846.0,619908.0
fixed_beta_reservoir_escher,Fixed-Beta Reservoir ESCHER,0,22,21,420000,3540114.0,8979.370646065001,0.18292224336865692,-0.10775067549289141,0.022144251414891417,0.011304154060781002,0.056045930832624435,0.05523024499416351,0.01360229030251503,0.01360229030251503,outer_iteration,,False,False,experiment_13_new_run,-2.084470272064209,94611.0,1.0,1.0,1.0,0.049645190774728704,0.00010522158716689276,0.11480447944800164,0.11480447944800164,0.22798820231580638,8.938482235573925e-18,0.08292438868687178,21.0,21.0,21.0,0.012337435960439125,0.04509280321228715,0.01975318097083878,0.04888622195196057,0.01975318097083878,0.04888622195196057,0.08211315423250198,0.0831967145204544,0.09508991241455078,0.0934595987200737,333333.0,333333.0,333333.0,1952726.0,649878.0,651477.0,651371.0
fixed_beta_reservoir_escher,Fixed-Beta Reservoir ESCHER,0,23,22,440000,3710440.0,9407.20965685,0.17190245997184445,-0.10844977754122828,0.022843353463228286,0.010905296541750431,0.05628398060798645,0.04948822036385536,0.014104402003188929,0.014104402003188929,outer_iteration,,False,False,experiment_13_new_run,-2.1304187774658203,93980.0,1.0,1.0,1.0,0.04990481357950717,9.680555037307511e-05,0.1133988950915632,0.1133988950915632,0.22361879822571443,8.836560555054638e-18,0.08513630355863487,22.0,22.0,22.0,0.01975318097083878,0.04888622195196057,0.026626480091066607,0.053494535028524526,0.026626480091066607,0.053494535028524526,0.07939078658819199,0.07528185099363327,0.09167801588773727,0.08652345836162567,333333.0,333333.0,333333.0,2046706.0,681285.0,682863.0,682558.0
fixed_beta_reservoir_escher,Fixed-Beta Reservoir ESCHER,0,24,23,460000,3880820.0,9838.47512877,0.16886510595437906,-0.10518293753286403,0.01957651345486404,0.01067719142884016,0.05426090955734253,0.05582960322499275,0.013718796273072561,0.013718796273072561,outer_iteration,,False,False,experiment_13_new_run,-2.0309863090515137,94008.0,1.0,1.0,1.0,0.053549524778450985,9.097955021665137e-05,0.11318888617820567,0.11318888617820567,0.22270337309199875,9.432103920419127e-18,0.08447150092655323,23.0,23.0,23.0,0.026626480091066607,0.053494535028524526,0.032913272859503406,0.05705350626106798,0.032913272859503406,0.05705350626106798,0.07347656786441803,0.08017291128635406,0.08489484339952469,0.09019235521554947,333333.0,333333.0,333333.0,2140714.0,712667.0,714154.0,713893.0
fixed_beta_reservoir_escher,Fixed-Beta Reservoir ESCHER,0,25,24,480000,4050731.0,10269.063118672,0.17493628024597152,-0.10196791299723049,0.01636148891923049,0.01067079696804285,0.05432550236582756,0.0595109649002552,0.014116481567422548,0.014116481567422548,outer_iteration,,False,False,experiment_13_new_run,-2.1016793251037598,93587.0,1.0,1.0,1.0,0.04982193878912095,7.506101763334325e-05,0.10920032714044609,0.10920032714044609,0.2171486635360776,9.317885946115943e-18,0.0841932734275272,24.0,24.0,24.0,0.032913272859503406,0.05705350626106798,0.039479757152490746,0.0603233478054922,0.039479757152490746,0.0603233478054922,0.07581598311662674,0.07675082981586456,0.08789476752281189,0.08624903112649918,333333.0,333333.0,333333.0,2234301.0,743907.0,745156.0,745238.0
fixed_beta_reservoir_escher,Fixed-Beta Reservoir ESCHER,0,26,25,500000,4219772.0,10693.614026066001,0.1346125409877076,-0.10635725105040272,0.020750826972402728,0.010947458446025848,0.04435625299811363,0.056543778628110886,0.01569223590195179,0.01569223590195179,outer_iteration,,False,False,experiment_13_new_run,-2.087589979171753,92855.0,1.0,1.0,1.0,0.04715885966838723,7.074704578074982e-05,0.10480150506964818,0.10480150506964818,0.20539014322704002,9.169170577307637e-18,0.08439025833852552,25.0,25.0,25.0,0.039479757152490746,0.0603233478054922,0.04616399464972332,0.06536053241066697,0.04616399464972332,0.06536053241066697,0.06814173609018326,0.07395768910646439,0.08026251941919327,0.08591976761817932,333333.0,333333.0,333333.0,2327156.0,774861.0,776135.0,776160.0
fixed_beta_reservoir_escher,Fixed-Beta Reservoir ESCHER,0,27,26,520000,4388778.0,11119.985132991,0.126507681474616,-0.1020681851075374,0.016461761029537406,0.01143938023597002,0.053624916821718216,0.05594761297106743,0.014008951373398304,0.014008951373398304,outer_iteration,,False,False,experiment_13_new_run,-2.13926362991333,92967.0,1.0,1.0,1.0,0.051384670907690964,7.713849592983006e-05,0.10852050103056095,0.10852050103056095,0.20816844159546774,8.990772977338813e-18,0.08505669354524782,26.0,26.0,26.0,0.04616399464972332,0.06536053241066697,0.05166261239924719,0.07074060498783696,0.05166261239924719,0.07074060498783696,0.07592877000570297,0.07712995260953903,0.08705395460128784,0.09001412242650986,333333.0,333333.0,333333.0,2420123.0,806056.0,806879.0,807188.0
fixed_beta_reservoir_escher,Fixed-Beta Reservoir ESCHER,0,28,27,540000,4557273.0,11544.242862714,0.1250337213341472,-0.0972598379775445,0.01165341389954451,0.011403307318687439,0.05075806379318237,0.05227988585829735,0.014408707929154238,0.014408707929154238,outer_iteration,,False,False,experiment_13_new_run,-2.0909550189971924,92524.0,1.0,1.0,1.0,0.047551923697429756,7.561495690874144e-05,0.1072754356518471,0.1072754356518471,0.20426102116080452,8.683944268070558e-18,0.0847156126971076,27.0,27.0,27.0,0.05166261239924719,0.07074060498783696,0.05746371603468259,0.07535364574817771,0.05746371603468259,0.07535364574817771,0.07850944250822067,0.08122333884239197,0.09045494347810745,0.09368529915809631,333333.0,333333.0,333333.0,2512647.0,836891.0,837783.0,837973.0
fixed_beta_reservoir_escher,Fixed-Beta Reservoir ESCHER,0,29,28,560000,4726645.0,11970.942404771,0.1318473228501677,-0.09786050761375797,0.012254083535757979,0.010856923647224903,0.06466475874185562,0.05791112780570984,0.013948939740657806,0.013948939740657806,outer_iteration,,False,False,experiment_13_new_run,-2.128188371658325,93162.0,1.0,1.0,1.0,0.05615212385315896,8.174383065197778e-05,0.10786441192568566,0.10786441192568566,0.21189430088969904,8.520240148895246e-18,0.082515996473089,28.0,28.0,28.0,0.05746371603468259,0.07535364574817771,0.061140036502950856,0.07816366615301318,0.061140036502950856,0.07816366615301318,0.085115447640419,0.0844428539276123,0.09507624059915543,0.09507281333208084,333333.0,333333.0,333333.0,2605809.0,867859.0,868825.0,869125.0
fixed_beta_reservoir_escher,Fixed-Beta Reservoir ESCHER,1,0,0,0,0.0,0.7367340570017404,2.373611111111111,-0.078125,0.007481424077999996,,,,,,initial_untrained_policy,,True,False,experiment_13_new_run,,0.0,0.0,,,0.0,0.0,0.0,0.0,0.0,0.0,1.0,0.0,0.0,0.0,0.0,0.0,0.0,0.0,0.0,0.0,,,,,0.0,0.0,0.0,0.0,0.0,0.0,0.0
fixed_beta_reservoir_escher,Fixed-Beta Reservoir ESCHER,1,1,1,1521,10002.0,30.006446408000556,1.010165790584539,0.009847349844433043,0.09545377392243304,7.2373631532229865e-09,,,,,early_node_threshold,10000,False,False,experiment_13_new_run,,4640.0,1.0,1.0,1.0,1.0000100135803223,0.0,0.06863395225464193,0.06863395225464193,0.1029509283819624,0.0,0.5,0.0,0.0,0.0,0.0,0.0,0.0,0.0,0.0,0.0,,,,,1568.0,1536.0,1536.0,4640.0,1568.0,1536.0,1536.0
fixed_beta_reservoir_escher,Fixed-Beta Reservoir ESCHER,1,2,1,20000,129314.0,412.09436594100043,4.000027005404661,1.000113262165907,1.085719686243907,6.618522263579507e-08,0.006819839123636484,0.22579024732112885,9.907118532955413e-08,9.907118532955413e-08,outer_iteration,,False,False,experiment_13_new_run,-2.4463610649108887,61024.0,1.0,1.0,1.0,1.0000100135803223,0.0,0.13275861199631267,0.13275861199631267,0.2520130793433976,0.0,0.3333333333333333,1.0,1.0,1.0,0.0,0.0,0.0,0.0,0.0,0.0,0.01379765197634697,0.325692743062973,0.01379765197634697,0.325692743062973,20431.0,20239.0,20354.0,61024.0,20431.0,20239.0,20354.0
fixed_beta_reservoir_escher,Fixed-Beta Reservoir ESCHER,1,3,2,40000,297264.0,849.8073535340009,2.4657874644252167,-0.8029136192450967,0.7173071951670967,0.10007128864526749,1.2536402940750122,0.38218924403190613,0.0007943555635089675,0.0007943555635089675,outer_iteration,,False,False,experiment_13_new_run,-1.2446482181549072,92192.0,1.0,1.0,1.0,0.04433710497926009,0.0020154452892701125,0.39682884240213656,0.39682884240213656,0.7399330542323012,8.088113224540107e-18,0.10478152322531456,2.0,2.0,2.0,0.0,0.0,0.0,0.0,-0.0013834927188500767,-0.029424300198165776,1.7778804302215576,0.7249495983123779,1.7752525806427002,0.6204439401626587,51116.0,51121.0,50979.0,153216.0,51116.0,51121.0,50979.0
fixed_beta_reservoir_escher,Fixed-Beta Reservoir ESCHER,1,4,3,60000,473610.0,1298.1485085530003,2.016522383914848,-0.2981534575451149,0.2125470334671149,0.08248808979988098,0.35717061161994934,0.13007022440433502,0.0008463528162489334,0.0008463528162489334,outer_iteration,,False,False,experiment_13_new_run,-1.0115182399749756,100600.0,1.0,1.0,1.0,1.6181408157072383,0.001518387151690691,0.23807375247862086,0.23807375247862086,0.44104422754333944,9.24235997846509e-18,0.07086876577360757,3.0,3.0,3.0,0.0,0.0,0.0,0.0,-0.02445863317971142,-0.035290203717036395,0.6105289459228516,0.25112423300743103,0.5574478507041931,0.22445282340049744,84646.0,84857.0,84313.0,253816.0,84646.0,84857.0,84313.0
fixed_beta_reservoir_escher,Fixed-Beta Reservoir ESCHER,1,5,4,80000,649192.0,1735.6413940520015,1.6054743247499106,0.032612155114774555,0.11821857919277455,0.06482499092817307,0.16603387892246246,0.11322302371263504,0.005147479319324096,0.005147479319324096,outer_iteration,,False,False,experiment_13_new_run,-1.3041224479675293,99786.0,1.0,1.0,1.0,0.5644372196525147,0.0015202221085994188,0.18772296620489123,0.18772296620489123,0.3514781648987543,9.81750511539519e-18,0.07524292804574227,4.0,4.0,4.0,0.0,0.0,0.0,0.0,-0.020315339365764684,-0.03748514256586288,0.25481006503105164,0.24194760620594025,0.25802159309387207,0.2266920953989029,117892.0,118218.0,117492.0,353602.0,117892.0,118218.0,117492.0
fixed_beta_reservoir_escher,Fixed-Beta Reservoir ESCHER,1,6,5,100000,818227.0,2162.7003259230005,0.9326607877517639,0.16409399214997372,0.24970041622797373,0.05391781032085419,0.09827957302331924,0.07181258499622345,0.011064114049077034,0.011064114049077034,outer_iteration,,False,False,experiment_13_new_run,-1.2872685194015503,94448.0,1.0,1.0,1.0,0.0616778108050756,0.0010696393524469963,0.15500185428674776,0.15500185428674776,0.2702718046649385,9.640177829015376e-18,0.0778196577173324,5.0,5.0,5.0,0.0,0.0,0.0,0.0,-0.01899859107279145,-0.033209577697421944,0.16189518570899963,0.126109316945076,0.16154958307743073,0.13436686992645264,149539.0,149597.0,148914.0,448050.0,149539.0,149597.0,148914.0
fixed_beta_reservoir_escher,Fixed-Beta Reservoir ESCHER,1,7,6,120000,984104.0,2584.7170386330017,0.7124681415645042,0.09365470805800535,0.17926113213600536,0.046576399356126785,0.07717899233102798,0.05688553676009178,0.018677356963356335,0.018677356963356335,outer_iteration,,False,False,experiment_13_new_run,-1.5180004835128784,91296.0,1.0,1.0,1.0,0.04069829134576527,0.0005281249733011305,0.13402655859956394,0.13402655859956394,0.25301263079052877,9.135257698728857e-18,0.0812451015465342,6.0,6.0,6.0,0.0,0.0,0.0,0.0,-0.015481128480170803,-0.027632930877003137,0.12429452687501907,0.09690694510936737,0.12935152649879456,0.10948736220598221,180104.0,179913.0,179329.0,539346.0,180104.0,179913.0,179329.0
fixed_beta_reservoir_escher,Fixed-Beta Reservoir ESCHER,1,8,7,140000,1149572.0,3005.5774627460014,0.6733367045292837,0.006737917229986179,0.09234434130798617,0.041684340685606,0.0642935112118721,0.06233827397227287,0.017282720655202866,0.017282720655202866,outer_iteration,,False,False,experiment_13_new_run,-1.4554756879806519,90667.0,1.0,1.0,1.0,0.039165274179129496,0.0003955688499717749,0.12458551871742797,0.12458551871742797,0.2383386100328792,9.12925401385994e-18,0.08135051392211545,7.0,7.0,7.0,0.0,0.0,0.0,0.0,-0.010978447949753667,-0.02323957147338529,0.10258945822715759,0.1051943227648735,0.11003873497247696,0.1140420213341713,210230.0,210214.0,209569.0,630013.0,210230.0,210214.0,209569.0
fixed_beta_reservoir_escher,Fixed-Beta Reservoir ESCHER,1,9,8,160000,1316287.0,3420.290951107001,0.5868404252832333,-0.03927320534767503,0.04633321873032496,0.03636446222662926,0.06193925812840462,0.06097632646560669,0.01502597207824389,0.01502597207824389,outer_iteration,,False,False,experiment_13_new_run,-1.582937240600586,91868.0,1.0,1.0,1.0,0.044069207864728996,0.00028847017036294893,0.12355828777514218,0.12355828777514218,0.23527935719568793,9.638607984430904e-18,0.08432332999311615,8.0,8.0,8.0,0.0,0.0,0.0,0.0,-0.004506211836330598,-0.019502356515455954,0.0951288565993309,0.10484723001718521,0.10648975521326065,0.11185212433338165,240979.0,240768.0,240134.0,721881.0,240979.0,240768.0,240134.0
fixed_beta_reservoir_escher,Fixed-Beta Reservoir ESCHER,1,10,9,180000,1483613.0,3847.9328239430015,0.44868475922183026,-0.0848221974625924,0.0007842266154075989,0.03073427826166153,0.05657346546649933,0.060306254774332047,0.012722881510853767,0.012722881510853767,outer_iteration,,False,False,experiment_13_new_run,-1.5514447689056396,92339.0,1.0,1.0,1.0,0.04624889511659731,0.00021291485062010276,0.12196459180215476,0.12196459180215476,0.22739482926474197,8.884870707469234e-18,0.0868895800661822,9.0,9.0,9.0,0.0,0.0,0.0016163412935683574,0.0,0.0016163412935683574,-0.009984542449062772,0.086552694439888,0.08507850766181946,0.09737780690193176,0.10603370517492294,271888.0,271348.0,270984.0,814220.0,271888.0,271348.0,270984.0
fixed_beta_reservoir_escher,Fixed-Beta Reservoir ESCHER,1,11,10,200000,1652365.0,4276.599204093001,0.3868172807908198,-0.11795540881970504,0.03234898474170504,0.026308724656701088,0.054885659366846085,0.066238634288311,0.017713512604435284,0.017713512604435284,outer_iteration,,False,False,experiment_13_new_run,-1.72251296043396,93368.0,1.0,1.0,1.0,0.052929053497014975,0.00018939677942871204,0.12011904829388637,0.12011904829388637,0.2254754834267953,8.702044832080019e-18,0.08522249543812213,10.0,10.0,10.0,0.0016163412935683574,0.0,0.009006753302832848,0.0,0.009006753302832848,-0.001523545233362178,0.08050943166017532,0.09079396724700928,0.0935891717672348,0.10904787480831146,303080.0,302379.0,302129.0,907588.0,303080.0,302379.0,302129.0
fixed_beta_reservoir_escher,Fixed-Beta Reservoir ESCHER,1,12,11,220000,1821802.0,4715.678042296002,0.3671416276447122,-0.12244282456137967,0.036836400483379675,0.02458108775317669,0.05393907055258751,0.0705195888876915,0.015452090340356031,0.015452090340356031,outer_iteration,,False,False,experiment_13_new_run,-1.6230685710906982,93829.0,1.0,1.0,1.0,0.04491468249614863,0.00016343618235189605,0.12310253407678319,0.12310253407678319,0.23207234657150136,8.659749315599027e-18,0.08609119695241822,11.0,11.0,11.0,0.009006753302832848,0.0,0.016933022921708285,0.006047681264835236,0.016933022921708285,0.006047681264835236,0.08927714079618454,0.10030350834131241,0.10350915044546127,0.11658632010221481,333333.0,333333.0,333287.0,1001417.0,334494.0,333636.0,333287.0
fixed_beta_reservoir_escher,Fixed-Beta Reservoir ESCHER,1,13,12,240000,1991047.0,5143.994464009002,0.34926774712362174,-0.13272274858354674,0.047116324505546744,0.024192893877625465,0.06392056494951248,0.0766996368765831,0.01429349152992169,0.01429349152992169,outer_iteration,,False,False,experiment_13_new_run,-1.6984764337539673,93653.0,1.0,1.0,1.0,0.05932515601902675,0.00015715537934288986,0.12357092100343871,0.12357092100343871,0.22551502735087908,8.783146839529177e-18,0.08341797931263088,12.0,12.0,12.0,0.016933022921708285,0.006047681264835236,0.0251873446555142,0.0173159338774308,0.0251873446555142,0.0173159338774308,0.09114852547645569,0.0999007597565651,0.10629086941480637,0.12409788370132446,333333.0,333333.0,333333.0,1095070.0,365850.0,364788.0,364432.0
fixed_beta_reservoir_escher,Fixed-Beta Reservoir ESCHER,1,14,13,260000,2159817.0,5566.824553478002,0.27013352475255403,-0.13087064297669773,0.045264218898697736,0.021869516000151634,0.061456695199012756,0.06571882218122482,0.016999936973055203,0.016999936973055203,outer_iteration,,False,False,experiment_13_new_run,-1.727028727531433,93311.0,1.0,1.0,1.0,0.06383144543216704,0.00013279261260157817,0.11818430746809744,0.11818430746809744,0.22279874797507843,9.044331362622723e-18,0.08356701791405904,13.0,13.0,13.0,0.0251873446555142,0.0173159338774308,0.03418870258847617,0.027544841919628915,0.03418870258847617,0.027544841919628915,0.08538182824850082,0.08394020795822144,0.1019628494977951,0.10601598769426346,333333.0,333333.0,333333.0,1188381.0,396989.0,395797.0,395595.0
fixed_beta_reservoir_escher,Fixed-Beta Reservoir ESCHER,1,15,14,280000,2328867.0,5989.738932987,0.24249289940648883,-0.12958384014996213,0.043977416071962136,0.017666487023234367,0.06453294306993484,0.06363571435213089,0.01737086536983649,0.01737086536983649,outer_iteration,,False,False,experiment_13_new_run,-1.8461730480194092,93444.0,1.0,1.0,1.0,0.05753272800263077,0.0001261465788774753,0.11964532825922522,0.11964532825922522,0.22113185102548125,8.53886787672201e-18,0.08423596956674398,14.0,14.0,14.0,0.03418870258847617,0.027544841919628915,0.04251792119373621,0.033852257382872786,0.04251792119373621,0.033852257382872786,0.0896257534623146,0.09097737073898315,0.10579372942447662,0.1057911142706871,333333.0,333333.0,333333.0,1281825.0,428219.0,426862.0,426744.0
fixed_beta_reservoir_escher,Fixed-Beta Reservoir ESCHER,1,16,15,300000,2498245.0,6416.025065382002,0.229406719940991,-0.1285882519499833,0.042981827871983305,0.017595263198018074,0.05179222300648689,0.06812285631895065,0.017004370378951233,0.017004370378951233,outer_iteration,,False,False,experiment_13_new_run,-1.9084469079971313,93540.0,1.0,1.0,1.0,0.058759308134561254,0.00011489408613813458,0.12162421172461725,0.12162421172461725,0.22392204847997518,9.521395199803764e-18,0.08281731484831682,15.0,15.0,15.0,0.04251792119373621,0.033852257382872786,0.050120599727373816,0.040666407367962454,0.050120599727373816,0.040666407367962454,0.08760812133550644,0.0874587744474411,0.10308542847633362,0.10322682559490204,333333.0,333333.0,333333.0,1375365.0,459437.0,457976.0,457952.0
fixed_beta_reservoir_escher,Fixed-Beta Reservoir ESCHER,1,17,16,320000,2667166.0,6838.209414478,0.21407672363942637,-0.11507321291916578,0.029466788841165784,0.016470739617943764,0.057177528738975525,0.06445860862731934,0.017192619542280834,0.017192619542280834,outer_iteration,,False,False,experiment_13_new_run,-1.9874851703643799,93169.0,1.0,1.0,1.0,0.056739125642318214,0.0001170088268005494,0.12097120421000927,0.12097120421000927,0.23448695461478306,9.413557324376552e-18,0.08295233078550772,16.0,16.0,16.0,0.050120599727373816,0.040666407367962454,0.05746968522613882,0.044943235743917676,0.05746968522613882,0.044943235743917676,0.08212342858314514,0.09147001802921295,0.0973711609840393,0.10303373634815216,333333.0,333333.0,333333.0,1468534.0,490469.0,488953.0,489112.0
fixed_beta_reservoir_escher,Fixed-Beta Reservoir ESCHER,1,18,17,340000,2835269.0,7259.222876487,0.2147980098934979,-0.11366972007545434,0.028063295997454343,0.016857145354151726,0.06026480719447136,0.053588349372148514,0.018463825806975365,0.018463825806975365,outer_iteration,,False,False,experiment_13_new_run,-1.8250679969787598,92490.0,1.0,1.0,1.0,0.054531548060574205,0.00011220027098484039,0.11637335839898579,0.11637335839898579,0.21769926945866638,9.268598105348344e-18,0.08447891665283647,17.0,17.0,17.0,0.05746968522613882,0.044943235743917676,0.06360261040102955,0.05098336285632887,0.06360261040102955,0.05098336285632887,0.08001214265823364,0.08083681762218475,0.09376227110624313,0.09505550563335419,333333.0,333333.0,333333.0,1561024.0,521199.0,519823.0,520002.0
fixed_beta_reservoir_escher,Fixed-Beta Reservoir ESCHER,1,19,18,360000,3004455.0,7681.320335917002,0.1745423655189321,-0.10697783037455413,0.021371406296554138,0.01753857731819153,0.05284660682082176,0.06902439147233963,0.01587070773045222,0.01587070773045222,outer_iteration,,False,False,experiment_13_new_run,-2.0678913593292236,93273.0,1.0,1.0,1.0,0.05338646017209052,0.00011523905711136524,0.11693133195738714,0.11693133195738714,0.22364883860968005,9.19469203318645e-18,0.08395852799539054,18.0,18.0,18.0,0.06360261040102955,0.05098336285632887,0.06932375853712347,0.055413022205052176,0.06932375853712347,0.055413022205052176,0.0807805210351944,0.08363021910190582,0.09434077888727188,0.09548650681972504,333333.0,333333.0,333333.0,1654297.0,552202.0,550918.0,551177.0
fixed_beta_reservoir_escher,Fixed-Beta Reservoir ESCHER,1,20,19,380000,3173973.0,8107.837428774003,0.16888688141704766,-0.10308067478933952,0.017474250711339526,0.015331599861383438,0.049943942576646805,0.0640079602599144,0.017494818195700645,0.017494818195700645,outer_iteration,,False,False,experiment_13_new_run,-2.0047316551208496,93735.0,1.0,1.0,1.0,0.056407509614103776,0.00010489378568955914,0.11729553638942648,0.11729553638942648,0.21583354445354241,9.352711291965797e-18,0.08251548576427964,19.0,19.0,19.0,0.06932375853712347,0.055413022205052176,0.07548636560346977,0.060351132839482124,0.07548636560346977,0.060351132839482124,0.07642702013254166,0.08531283587217331,0.09059463441371918,0.09825371950864792,333333.0,333333.0,333333.0,1748032.0,583342.0,582265.0,582425.0
fixed_beta_reservoir_escher,Fixed-Beta Reservoir ESCHER,1,21,20,400000,3342722.0,8532.502752878,0.16716518892510376,-0.10788668881946362,0.02228026474146362,0.015615257434546947,0.05694090202450752,0.07091506570577621,0.016162677047153313,0.016162677047153313,outer_iteration,,False,False,experiment_13_new_run,-1.9742425680160522,92955.0,1.0,1.0,1.0,0.05649636715496353,0.0001034522777954092,0.11854538842079655,0.11854538842079655,0.22289108358457277,9.2575057066829e-18,0.08071784851874744,20.0,20.0,20.0,0.07548636560346977,0.060351132839482124,0.08120144007189123,0.06342992730120978,0.08120144007189123,0.06342992730120978,0.07979235053062439,0.09432610869407654,0.09400904923677444,0.1052057147026062,333333.0,333333.0,333333.0,1840987.0,614342.0,613152.0,613493.0
fixed_beta_reservoir_escher,Fixed-Beta Reservoir ESCHER,1,22,21,420000,3511444.0,8958.104355699003,0.17680724931864195,-0.09966395366362635,0.014057529585626352,0.015688588842749596,0.05633842572569847,0.06538180261850357,0.0181580800563097,0.0181580800563097,outer_iteration,,False,False,experiment_13_new_run,-2.0202274322509766,92893.0,1.0,1.0,1.0,0.05504065305679085,0.00012460243690198708,0.11857282724183726,0.11857282724183726,0.2291239150000353,9.032818740473528e-18,0.08183156674917601,21.0,21.0,21.0,0.08120144007189123,0.06342992730120978,0.08635701564103715,0.06790148868799728,0.08635701564103715,0.06790148868799728,0.08839398622512817,0.09567233920097351,0.10307624936103821,0.10899501293897629,333333.0,333333.0,333333.0,1933880.0,645397.0,644101.0,644382.0
fixed_beta_reservoir_escher,Fixed-Beta Reservoir ESCHER,1,23,22,440000,3678657.0,9383.333317035,0.16489475505402446,-0.094134994784635,0.008528570706635,0.015208308584988117,0.0702393651008606,0.06759252399206161,0.015990000839034717,0.015990000839034717,outer_iteration,,False,False,experiment_13_new_run,-2.034665107727051,91818.0,1.0,1.0,1.0,0.057643726702271,0.00011078495339801959,0.12199993226774637,0.12199993226774637,0.2339892464876242,8.837236604817687e-18,0.08279229289566842,22.0,22.0,22.0,0.08635701564103715,0.06790148868799728,0.08998800414660979,0.07061850294968708,0.08998800414660979,0.07061850294968708,0.10024251788854599,0.0960366502404213,0.11455191671848297,0.10710514336824417,333333.0,333333.0,333333.0,2025698.0,675659.0,674957.0,675082.0
fixed_beta_reservoir_escher,Fixed-Beta Reservoir ESCHER,1,24,23,460000,3847329.0,9808.559003971002,0.15250970661727972,-0.09508132650836229,0.009474902430362295,0.015802796930074692,0.06157961115241051,0.07102923840284348,0.016073710285127163,0.016073710285127163,outer_iteration,,False,False,experiment_13_new_run,-2.0458781719207764,93100.0,1.0,1.0,1.0,0.06007961886685756,0.0001043657334466231,0.12045267138428371,0.12045267138428371,0.22754881184901962,9.015206859611336e-18,0.08197033279404019,23.0,23.0,23.0,0.08998800414660979,0.07061850294968708,0.09211376126737458,0.07592646336429265,0.09211376126737458,0.07592646336429265,0.09610801935195923,0.09354459494352341,0.10842258483171463,0.10845315456390381,333333.0,333333.0,333333.0,2118798.0,706722.0,706058.0,706018.0
fixed_beta_reservoir_escher,Fixed-Beta Reservoir ESCHER,1,25,24,480000,4015857.0,10234.716177589,0.1585323912849933,-0.0931325300499875,0.0075261059719875095,0.015954112634062767,0.05843999981880188,0.06821756809949875,0.015100516689320406,0.015100516689320406,outer_iteration,,False,False,experiment_13_new_run,-1.9527101516723633,93085.0,1.0,1.0,1.0,0.070181560558027,9.814931947594941e-05,0.12275504847019635,0.12275504847019635,0.22852140300919985,9.196027194160024e-18,0.08230405047826037,24.0,24.0,24.0,0.09211376126737458,0.07592646336429265,0.09501257118181383,0.08033113726323526,0.09501257118181383,0.08033113726323526,0.0883745402097702,0.09608893096446991,0.10112157464027405,0.11036945879459381,333333.0,333333.0,333333.0,2211883.0,737649.0,737057.0,737177.0
fixed_beta_reservoir_escher,Fixed-Beta Reservoir ESCHER,1,26,25,500000,4185964.0,10661.883629725,0.1820546325137528,-0.08287910607086996,0.002727318007130039,0.01624787598848343,0.06805485486984253,0.06088121607899666,0.017974579085906345,0.017974579085906345,outer_iteration,,False,False,experiment_13_new_run,-2.0964231491088867,94265.0,1.0,1.0,1.0,0.060849757175889876,8.977443619453587e-05,0.12561359119994,0.12561359119994,0.23174819645173644,9.146745838147379e-18,0.08263900777545416,25.0,25.0,25.0,0.09501257118181383,0.08033113726323526,0.0965765065663643,0.0849527110294086,0.0965765065663643,0.0849527110294086,0.09913034737110138,0.0876336470246315,0.11157220602035522,0.10185884684324265,333333.0,333333.0,333333.0,2306148.0,768923.0,768623.0,768602.0
fixed_beta_reservoir_escher,Fixed-Beta Reservoir ESCHER,1,27,26,520000,4357209.0,11090.983482644,0.18388441559748891,-0.08914015676944409,0.003533732691444094,0.017580626532435417,0.05928396061062813,0.06289539486169815,0.01610936348636945,0.01610936348636945,outer_iteration,,False,False,experiment_13_new_run,-2.0583267211914062,95045.0,1.0,1.0,1.0,0.05803182714308606,9.10959252718051e-05,0.12682995076102793,0.12682995076102793,0.22640595634820831,8.979938211415687e-18,0.08331255260611106,26.0,26.0,26.0,0.0965765065663643,0.0849527110294086,0.09782581763433296,0.08900420282466448,0.09782581763433296,0.08900420282466448,0.0911075621843338,0.09513846784830093,0.10245383530855179,0.10966692119836807,333333.0,333333.0,333333.0,2401193.0,800531.0,800348.0,800314.0
fixed_beta_reservoir_escher,Fixed-Beta Reservoir ESCHER,1,28,27,540000,4526829.0,11516.359035967,0.18301286005601164,-0.08394027549806049,0.0016661485799395054,0.014184024184942245,0.06990277022123337,0.05251296982169151,0.017769616097211838,0.017769616097211838,outer_iteration,,False,False,experiment_13_new_run,-2.0736260414123535,93807.0,1.0,1.0,1.0,0.0615623335258053,8.959718713575703e-05,0.1248382353831434,0.1248382353831434,0.23387278962486843,9.94565550056161e-18,0.08158209404679849,27.0,27.0,27.0,0.09782581763433296,0.08900420282466448,0.09880572534169851,0.0949889792659363,0.09880572534169851,0.0949889792659363,0.10507849603891373,0.08225762099027634,0.11773625761270523,0.09854764491319656,333333.0,333333.0,333333.0,2495000.0,831765.0,831543.0,831692.0
fixed_beta_reservoir_escher,Fixed-Beta Reservoir ESCHER,1,29,28,560000,4697418.0,11949.881766178,0.15107376699214553,-0.07769370686988042,0.007912717208119577,0.014144566841423512,0.06471256166696548,0.07368996739387512,0.016794145417710144,0.016794145417710144,outer_iteration,,False,False,experiment_13_new_run,-2.059922218322754,94594.0,1.0,1.0,1.0,0.06218231079838618,0.0001001319756893926,0.12932637272931832,0.12932637272931832,0.23707522360281477,9.550140900986484e-18,0.08368092069631716,28.0,28.0,28.0,0.09880572534169851,0.0949889792659363,0.10265504296620853,0.09377708180125754,0.10265504296620853,0.09377708180125754,0.0972343310713768,0.10966292768716812,0.11284971237182617,0.11949889361858368,333333.0,333333.0,333333.0,2589594.0,863483.0,862965.0,863146.0
fixed_beta_reservoir_escher,Fixed-Beta Reservoir ESCHER,1,30,29,580000,4866658.0,12375.507636807002,0.16904984320156785,-0.08114809481205909,0.004458329265940905,0.012502945959568024,0.06704587489366531,0.05573796108365059,0.01883917177716891,0.01883917177716891,outer_iteration,,False,False,experiment_13_new_run,-2.0474917888641357,93472.0,1.0,1.0,1.0,0.0694645782079878,9.910885776525376e-05,0.11962393404393627,0.11962393404393627,0.2177430191510671,9.237045439990867e-18,0.08287195710510724,29.0,29.0,29.0,0.10265504296620853,0.09377708180125754,0.09953356458452434,0.09484773467998209,0.09953356458452434,0.09484773467998209,0.10164165496826172,0.08291171491146088,0.10925765335559845,0.09293065220117569,333333.0,333333.0,333333.0,2683066.0,894528.0,894151.0,894387.0
fixed_beta_reservoir_escher,Fixed-Beta Reservoir ESCHER,2,0,0,0,0.0,0.7417729559965665,2.373611111111111,-0.078125,0.007481424077999996,,,,,,initial_untrained_policy,,True,False,experiment_13_new_run,,0.0,0.0,,,0.0,0.0,0.0,0.0,0.0,0.0,1.0,0.0,0.0,0.0,0.0,0.0,0.0,0.0,0.0,0.0,,,,,0.0,0.0,0.0,0.0,0.0,0.0,0.0
fixed_beta_reservoir_escher,Fixed-Beta Reservoir ESCHER,2,1,1,1544,10000.0,30.343065769997338,1.0006354428610358,0.0005899473021650087,0.086196371380165,2.0198466510468194e-10,,,,,early_node_threshold,10000,False,False,experiment_13_new_run,,4608.0,1.0,1.0,1.0,1.0000100135803223,0.0,0.06807558760683745,0.06807558760683745,0.10211338141025597,0.0,0.5,0.0,0.0,0.0,0.0,0.0,0.0,0.0,0.0,0.0,,,,,1560.0,1492.0,1556.0,4608.0,1560.0,1492.0,1556.0
fixed_beta_reservoir_escher,Fixed-Beta Reservoir ESCHER,2,2,1,20000,129308.0,410.92316336399745,3.9998405472017664,1.000071763890446,1.0856781879684458,3.776199264393654e-08,0.006485510617494583,0.21406768262386322,3.3871414496881394e-06,3.3871414496881394e-06,outer_iteration,,False,False,experiment_13_new_run,-2.678778886795044,61017.0,1.0,1.0,1.0,1.0000100135803223,0.0,0.13185354396822496,0.13185354396822496,0.2503703255461801,0.0,0.3333333333333333,1.0,1.0,1.0,0.0,0.0,0.0,0.0,0.0,0.0,0.013715602457523346,0.32219040393829346,0.013715602457523346,0.32219040393829346,20270.0,20245.0,20502.0,61017.0,20270.0,20245.0,20502.0
fixed_beta_reservoir_escher,Fixed-Beta Reservoir ESCHER,2,3,2,40000,293829.0,840.8307981489997,3.544843070862195,0.7965475572626513,0.8821539813406513,0.12243425846099854,0.729820966720581,1.7002445459365845,0.001060331017166997,0.001060331017166997,outer_iteration,,False,False,experiment_13_new_run,-1.2126429080963135,90663.0,1.0,1.0,1.0,0.06415275036947714,0.001961396049921698,0.39797296128363324,0.39797296128363324,0.7176177573147308,7.709705458308175e-18,0.09755136860896382,2.0,2.0,2.0,0.0,0.0,0.0,0.0,-0.0021200700528025695,-0.03888977136582805,1.1010048389434814,2.263956069946289,1.098414421081543,2.0706593990325928,50569.0,50421.0,50690.0,151680.0,50569.0,50421.0,50690.0
fixed_beta_reservoir_escher,Fixed-Beta Reservoir ESCHER,2,4,3,60000,475985.0,1293.581415712997,2.6328112738682705,0.4716895840799956,0.5572960081579956,0.09358236938714981,0.40975895524024963,2.1330924034118652,0.0007463787139082948,0.0007463787139082948,outer_iteration,,False,False,experiment_13_new_run,-0.8199284076690674,104395.0,1.0,1.0,1.0,5.382680413857316,0.0023169243815353074,0.29050799490531093,0.29050799490531093,0.5158666655089209,1.1304046980569739e-17,0.07055149867073744,3.0,3.0,3.0,0.0,0.0,0.0,0.0,-0.0617745690745406,-0.05035497475592554,0.732187032699585,0.5680468082427979,0.6278044581413269,0.4919852018356323,85412.0,85265.0,85398.0,256075.0,85412.0,85265.0,85398.0
fixed_beta_reservoir_escher,Fixed-Beta Reservoir ESCHER,2,5,4,80000,652583.0,1725.628597428,1.630151003973355,0.33332809929419893,0.41893452337219894,0.07939841598272324,0.22021906077861786,0.12389727681875229,0.0044260955570886535,0.0044260955570886535,outer_iteration,,False,False,experiment_13_new_run,-1.156789779663086,99004.0,1.0,1.0,1.0,1.1958899712743578,0.0017526971672016422,0.1848572426307454,0.1848572426307454,0.34150972422673503,9.885540847812728e-18,0.0809362782851692,4.0,4.0,4.0,0.0,0.0,0.0,0.0,-0.06831195198022866,-0.05123590599653638,0.35789617896080017,0.1824323683977127,0.32549700140953064,0.16979601979255676,118514.0,118164.0,118401.0,355079.0,118514.0,118164.0,118401.0
fixed_beta_reservoir_escher,Fixed-Beta Reservoir ESCHER,2,6,5,100000,819904.0,2150.7469843399995,1.0046909602376082,0.2717489483642892,0.3573553724422892,0.06083288788795471,0.1088804304599762,0.06951992958784103,0.008268302927414576,0.008268302927414576,outer_iteration,,False,False,experiment_13_new_run,-1.2236915826797485,92065.0,1.0,1.0,1.0,0.11684145321759061,0.0014078126422273837,0.15194603793445144,0.15194603793445144,0.2895000523922109,1.0204928226071093e-17,0.0763920235289892,5.0,5.0,5.0,0.0,0.0,0.0,0.0,-0.062386501622747836,-0.045882913562572236,0.1840878129005432,0.10166922211647034,0.18271586298942566,0.11857589334249496,149157.0,148683.0,149304.0,447144.0,149157.0,148683.0,149304.0
fixed_beta_reservoir_escher,Fixed-Beta Reservoir ESCHER,2,7,6,120000,984414.0,2572.5696409959965,0.7243131087784618,0.10621131889186272,0.1918177429698627,0.052715789526700974,0.055183473974466324,0.04669099673628807,0.013806056541701158,0.013806056541701158,outer_iteration,,False,False,experiment_13_new_run,-1.2757712602615356,89724.0,1.0,1.0,1.0,0.06174450627284148,0.0010840301830712124,0.11485363494845417,0.11485363494845417,0.20832876746694667,7.830963281808156e-18,0.08025298634305168,6.0,6.0,6.0,0.0,0.0,0.0,0.0,-0.05277366506845227,-0.04134086717454144,0.08984342217445374,0.07381406426429749,0.10074754804372787,0.08773726969957352,179172.0,178634.0,179062.0,536868.0,179172.0,178634.0,179062.0
fixed_beta_reservoir_escher,Fixed-Beta Reservoir ESCHER,2,8,7,140000,1148930.0,2996.1884709389997,0.5083429788393339,-0.0034564434553815415,0.08214998062261845,0.04096294939517975,0.046420108526945114,0.046182502061128616,0.013461194622019926,0.013461194622019926,outer_iteration,,False,False,experiment_13_new_run,-1.4934145212173462,89780.0,1.0,1.0,1.0,0.03497846990340061,0.000507512792001141,0.1034855407721989,0.1034855407721989,0.19420041065943874,8.099741043403884e-18,0.0795116060927958,7.0,7.0,7.0,0.0,0.0,0.0,0.0,-0.043513209716900425,-0.03685807625989379,0.07398644834756851,0.08007583767175674,0.08518321812152863,0.09260578453540802,209095.0,208374.0,209179.0,626648.0,209095.0,208374.0,209179.0
fixed_beta_reservoir_escher,Fixed-Beta Reservoir ESCHER,2,9,8,160000,1314312.0,3419.931571784997,0.4471168031487075,-0.057818284006933146,0.02778814007106685,0.03635833412408829,0.0475662499666214,0.05550612509250641,0.012234742132325968,0.012234742132325968,outer_iteration,,False,False,experiment_13_new_run,-1.4469057321548462,90466.0,1.0,1.0,1.0,0.034069446818779346,0.00040908818064347305,0.10921227913605282,0.10921227913605282,0.21370959582690688,8.589245394441429e-18,0.08712787194073145,8.0,8.0,8.0,0.0,0.0,0.0,0.0,-0.03280391361130852,-0.03147292442980265,0.07231519371271133,0.08269574493169785,0.0858321487903595,0.09731891006231308,239220.0,238666.0,239228.0,717114.0,239220.0,238666.0,239228.0
fixed_beta_reservoir_escher,Fixed-Beta Reservoir ESCHER,2,10,9,180000,1480883.0,3850.1607441969973,0.3985811386841773,-0.06919001474236697,0.016416409335633028,0.028378350660204887,0.047583580017089844,0.05895639583468437,0.012434696157773336,0.012434696157773336,outer_iteration,,False,False,experiment_13_new_run,-1.6131501197814941,91204.0,1.0,1.0,1.0,0.03349910711148268,0.0001892289195249234,0.11018496099565978,0.11018496099565978,0.21340639000365724,9.230306803914352e-18,0.08828563589548855,9.0,9.0,9.0,0.0,0.0,0.0,0.0,-0.02495339789139206,-0.024833577607767943,0.07029750943183899,0.0875873863697052,0.0796908289194107,0.1051815003156662,269571.0,269065.0,269682.0,808318.0,269571.0,269065.0,269682.0
fixed_beta_reservoir_escher,Fixed-Beta Reservoir ESCHER,2,11,10,200000,1648366.0,4277.505934499997,0.3789895018129843,-0.0880567017747369,0.002450277696736905,0.028198519721627235,0.051203981041908264,0.0706198439002037,0.010740633743504683,0.010740633743504683,outer_iteration,,False,False,experiment_13_new_run,-1.5587761402130127,91922.0,1.0,1.0,1.0,0.0315372499560048,0.00015128593320382438,0.11559679527481176,0.11559679527481176,0.22542327061984385,9.444822618352387e-18,0.08913963215693825,10.0,10.0,10.0,0.0,0.0,0.0,0.0,-0.01709973877049764,-0.018279754433508044,0.0746486485004425,0.09405915439128876,0.08402294665575027,0.11060893535614014,300304.0,299704.0,300232.0,900240.0,300304.0,299704.0,300232.0
fixed_beta_reservoir_escher,Fixed-Beta Reservoir ESCHER,2,12,11,220000,1815114.0,4706.605396080999,0.33784635744380254,-0.09134256259679852,0.00573613851879852,0.025723842903971672,0.05266140028834343,0.08001190423965454,0.01226946028570334,0.01226946028570334,outer_iteration,,False,False,experiment_13_new_run,-1.676415205001831,91284.0,1.0,1.0,1.0,0.03724778961551415,0.00014712938926491725,0.11638230110952187,0.11638230110952187,0.22582862520914992,8.594938748792287e-18,0.08679812960133843,11.0,11.0,11.0,0.0,0.0,0.0,0.0,-0.008189140036235942,-0.010973117522744325,0.07615064084529877,0.09672719985246658,0.0871501937508583,0.11482898145914078,330821.0,329919.0,330784.0,991524.0,330821.0,329919.0,330784.0
fixed_beta_reservoir_escher,Fixed-Beta Reservoir ESCHER,2,13,12,240000,1982270.0,5137.489268547997,0.3371579536975561,-0.08257774201083357,0.00302868206716643,0.024447834119200706,0.06575185805559158,0.06644397228956223,0.015605924651026726,0.015605924651026726,outer_iteration,,False,False,experiment_13_new_run,-1.642176866531372,91772.0,1.0,1.0,1.0,0.04431740034325436,0.0001327865204167107,0.11645533994102308,0.11645533994102308,0.2208591201941397,8.328845231298228e-18,0.08450803743387073,12.0,12.0,12.0,0.0,0.0,0.0,0.0,-5.059273916963036e-05,-0.006786056930337958,0.09629851579666138,0.0934951901435852,0.10655999183654785,0.10321323573589325,333333.0,333333.0,333333.0,1083296.0,361375.0,360689.0,361232.0
fixed_beta_reservoir_escher,Fixed-Beta Reservoir ESCHER,2,14,13,260000,2149998.0,5565.049362841997,0.3368196094813335,-0.08940269589106947,0.0037962718130694767,0.022959956899285316,0.06435833126306534,0.057648688554763794,0.012827876334389051,0.012827876334389051,outer_iteration,,False,False,experiment_13_new_run,-1.8486984968185425,92412.0,1.0,1.0,1.0,0.043894972546726835,0.0001351792287102082,0.11344885371674227,0.11344885371674227,0.21588021158140847,9.001480595292933e-18,0.08508865048326951,13.0,13.0,13.0,0.0,0.0,0.007871532707371731,0.0,0.007871532707371731,-0.002656969433944223,0.09415478259325027,0.08642509579658508,0.1047334223985672,0.09580089896917343,333333.0,333333.0,333333.0,1175708.0,392122.0,391521.0,392065.0
fixed_beta_reservoir_escher,Fixed-Beta Reservoir ESCHER,2,15,14,280000,2319538.0,5990.056818932997,0.3138220895086183,-0.10456768428059943,0.01896126020259943,0.022859742864966393,0.0655454695224762,0.06610477715730667,0.013915603359540304,0.013915603359540304,outer_iteration,,False,False,experiment_13_new_run,-1.898789405822754,94005.0,1.0,1.0,1.0,0.054210157650168456,0.00012691491957615152,0.12227194631324359,0.12227194631324359,0.22894008090518597,9.640481402991711e-18,0.08347785334188776,14.0,14.0,14.0,0.007871532707371731,0.0,0.0133381588964957,0.0021723032855855973,0.0133381588964957,0.0021723032855855973,0.09659171104431152,0.09521465003490448,0.10455939918756485,0.10599835216999054,333333.0,333333.0,333333.0,1269713.0,423545.0,422871.0,423297.0
fixed_beta_reservoir_escher,Fixed-Beta Reservoir ESCHER,2,16,15,300000,2486157.0,6418.635125465997,0.2728789411378396,-0.09748092478730092,0.01187450070930092,0.022934921085834503,0.06715694814920425,0.05542653799057007,0.013749628948668638,0.013749628948668638,outer_iteration,,False,False,experiment_13_new_run,-1.9809439182281494,91717.0,1.0,1.0,1.0,0.05879915225057185,0.00011806958543035499,0.11733575197739303,0.11733575197739303,0.22113749728503465,9.089809578552096e-18,0.08413911760462503,15.0,15.0,15.0,0.0133381588964957,0.0021723032855855973,0.02067378208059334,0.008699250840091377,0.02067378208059334,0.008699250840091377,0.0946534126996994,0.0758105143904686,0.10546232759952545,0.09005361795425415,333333.0,333333.0,333333.0,1361430.0,454079.0,453390.0,453961.0
fixed_beta_reservoir_escher,Fixed-Beta Reservoir ESCHER,2,17,16,320000,2652871.0,6852.572353299998,0.25417243304107756,-0.0899817426356484,0.004375318557648403,0.01956258714199066,0.06797093898057938,0.06190690025687218,0.015042778725425402,0.015042778725425402,outer_iteration,,False,False,experiment_13_new_run,-2.013221025466919,91882.0,1.0,1.0,1.0,0.05226387914899705,0.00011354636576290518,0.11673143619898163,0.11673143619898163,0.2098104230975807,8.49955842974908e-18,0.08513906376142619,16.0,16.0,16.0,0.02067378208059334,0.008699250840091377,0.029425158602922608,0.017186115323117757,0.029425158602922608,0.017186115323117757,0.09155093133449554,0.08399312198162079,0.10472772270441055,0.10218844562768936,333333.0,333333.0,333333.0,1453312.0,484723.0,483908.0,484681.0
fixed_beta_reservoir_escher,Fixed-Beta Reservoir ESCHER,2,18,17,340000,2819945.0,7281.6185450349985,0.23943467193625362,-0.08872076652923963,0.003114342451239635,0.019493384286761284,0.06257303804159164,0.06683501601219177,0.01426511537283659,0.01426511537283659,outer_iteration,,False,False,experiment_13_new_run,-2.019148826599121,91827.0,1.0,1.0,1.0,0.052930659623059866,0.00011480203457989955,0.1149748847580072,0.1149748847580072,0.2199004130659236,9.056269655025328e-18,0.08633242362625101,17.0,17.0,17.0,0.029425158602922608,0.017186115323117757,0.03584647125489937,0.021435462932814398,0.03584647125489937,0.021435462932814398,0.08741497248411179,0.08777368068695068,0.09820717573165894,0.09766591340303421,333333.0,333333.0,333333.0,1545139.0,515465.0,514374.0,515300.0
fixed_beta_reservoir_escher,Fixed-Beta Reservoir ESCHER,2,19,18,360000,2988723.0,7708.808633187997,0.2189556471726159,-0.09185732686869746,0.0062509027906974685,0.01841716282069683,0.05287867784500122,0.06148790940642357,0.014138896328707537,0.014138896328707537,outer_iteration,,False,False,experiment_13_new_run,-2.126878261566162,93138.0,1.0,1.0,1.0,0.05286705074897933,0.00011059877341470615,0.11710203088251621,0.11710203088251621,0.22156994544369146,9.458349350606392e-18,0.08507189795040411,18.0,18.0,18.0,0.03584647125489937,0.021435462932814398,0.041671554279973044,0.030165301537338318,0.041671554279973044,0.030165301537338318,0.07953783869743347,0.08315130323171616,0.08972879499197006,0.10139679908752441,333333.0,333333.0,333333.0,1638277.0,546546.0,545551.0,546180.0
fixed_beta_reservoir_escher,Fixed-Beta Reservoir ESCHER,2,20,19,380000,3157627.0,8134.238480682998,0.18970170410413095,-0.08905181577866594,0.003445391700665948,0.01707357168197632,0.05327935516834259,0.060377221554517746,0.015037689357995987,0.015037689357995987,outer_iteration,,False,False,experiment_13_new_run,-2.0485715866088867,93210.0,1.0,1.0,1.0,0.05562547550936777,0.00010390205898638032,0.11748963983113961,0.11748963983113961,0.22599100628143798,9.555158580097517e-18,0.08406930646596653,19.0,19.0,19.0,0.041671554279973044,0.030165301537338318,0.04744547400263355,0.03494994070273583,0.04744547400263355,0.03494994070273583,0.07675682008266449,0.08076900988817215,0.08711179345846176,0.09190908074378967,333333.0,333333.0,333333.0,1731487.0,577651.0,576607.0,577229.0
fixed_beta_reservoir_escher,Fixed-Beta Reservoir ESCHER,2,21,20,400000,3326654.0,8562.926388337997,0.17587412075590012,-0.09096854890362624,0.005362124825626244,0.015886826440691948,0.04945846274495125,0.056347522884607315,0.015540561949213346,0.015540561949213346,outer_iteration,,False,False,experiment_13_new_run,-2.0299015045166016,93383.0,1.0,1.0,1.0,0.05373929123848561,9.267654702495515e-05,0.11600700987168686,0.11600700987168686,0.21677710534447459,9.151182643694576e-18,0.08419597875392329,20.0,20.0,20.0,0.04744547400263355,0.03494994070273583,0.05387760825590393,0.03869495765741504,0.05387760825590393,0.03869495765741504,0.07417280226945877,0.08750234544277191,0.08552293479442596,0.09715632349252701,333333.0,333333.0,333333.0,1824870.0,608752.0,607761.0,608357.0
fixed_beta_reservoir_escher,Fixed-Beta Reservoir ESCHER,2,22,21,420000,3496649.0,8987.321404256996,0.16897311129615894,-0.08016516935026236,0.0054412547277376405,0.015495327301323414,0.058222558349370956,0.062489163130521774,0.016011787578463554,0.016011787578463554,outer_iteration,,False,False,experiment_13_new_run,-2.0605058670043945,94115.0,1.0,1.0,1.0,0.049491678004577704,0.00010137136239065609,0.12134875198442964,0.12134875198442964,0.22956560412152976,1.0037581107193905e-17,0.08507218714873158,21.0,21.0,21.0,0.05387760825590393,0.03869495765741504,0.05876811674374527,0.039242780140713585,0.05876811674374527,0.039242780140713585,0.08641000092029572,0.0927736759185791,0.09710696339607239,0.09742066264152527,333333.0,333333.0,333333.0,1918985.0,640174.0,639111.0,639700.0
fixed_beta_reservoir_escher,Fixed-Beta Reservoir ESCHER,2,23,22,440000,3665887.0,9411.936324816,0.18786794852716965,-0.08532268896663087,0.00028373511136912943,0.015880873426795006,0.057156648486852646,0.058812424540519714,0.01587628945708275,0.01587628945708275,outer_iteration,,False,False,experiment_13_new_run,-1.9753937721252441,93504.0,1.0,1.0,1.0,0.05779142156987286,0.00010573692577256872,0.12077355178021479,0.12077355178021479,0.23062888362799125,9.822465944861386e-18,0.08347563517844041,22.0,22.0,22.0,0.05876811674374527,0.039242780140713585,0.06435211488736337,0.0447189681849024,0.06435211488736337,0.0447189681849024,0.08117766678333282,0.08239734172821045,0.09276320785284042,0.09451678395271301,333333.0,333333.0,333333.0,2012489.0,671410.0,670145.0,670934.0
fixed_beta_reservoir_escher,Fixed-Beta Reservoir ESCHER,2,24,23,460000,3835505.0,9838.136833398996,0.16869553236172807,-0.08105515380024081,0.004551270277759187,0.0165321696549654,0.05434593930840492,0.05974077805876732,0.015075563142697016,0.015075563142697016,outer_iteration,,False,False,experiment_13_new_run,-1.9929301738739014,93693.0,1.0,1.0,1.0,0.05586704739620872,0.00011017421663592123,0.11703668778883707,0.11703668778883707,0.22000948196639653,9.355691935686416e-18,0.08516532028926975,23.0,23.0,23.0,0.06435211488736337,0.0447189681849024,0.07056543437593044,0.04915572405058333,0.07056543437593044,0.04915572405058333,0.07861940562725067,0.07883977890014648,0.09119760245084763,0.0893651694059372,333333.0,333333.0,333333.0,2106182.0,702696.0,701381.0,702105.0
fixed_beta_reservoir_escher,Fixed-Beta Reservoir ESCHER,2,25,24,480000,4003600.0,10266.552742945998,0.14413908719932017,-0.0800652633142428,0.0055411607637572,0.01524896640330553,0.05632000043988228,0.05601680278778076,0.016481678001582623,0.016481678001582623,outer_iteration,,False,False,experiment_13_new_run,-2.0868372917175293,92546.0,1.0,1.0,1.0,0.05102985145284663,0.00010255295490147745,0.110215101634362,0.110215101634362,0.20076123057182604,9.129358974648294e-18,0.08642405940755006,24.0,24.0,24.0,0.07056543437593044,0.04915572405058333,0.07660138976638209,0.053040923847101906,0.07660138976638209,0.053040923847101906,0.08039228618144989,0.07346954196691513,0.0934140533208847,0.08301859349012375,333333.0,333333.0,333333.0,2198728.0,733846.0,732103.0,732779.0
fixed_beta_reservoir_escher,Fixed-Beta Reservoir ESCHER,2,26,25,500000,4171034.0,10689.944733106997,0.1433560253412708,-0.08482483856698675,0.0007815855110132469,0.01483139768242836,0.0583258755505085,0.057499710470438004,0.015160830691456795,0.015160830691456795,outer_iteration,,False,False,experiment_13_new_run,-2.024812936782837,91876.0,1.0,1.0,1.0,0.05058074355317015,9.557885643824255e-05,0.10575224413978175,0.10575224413978175,0.1954614692914606,8.574205509023504e-18,0.0852030899064242,25.0,25.0,25.0,0.07660138976638209,0.053040923847101906,0.08325753553048987,0.05769372460107525,0.08325753553048987,0.05769372460107525,0.08111849427223206,0.07393386960029602,0.09544672816991806,0.0847151130437851,333333.0,333333.0,333333.0,2290604.0,764491.0,762698.0,763415.0
fixed_beta_reservoir_escher,Fixed-Beta Reservoir ESCHER,2,27,26,520000,4340249.0,11116.631635434998,0.14253636118153035,-0.08526432696678887,0.0003420971112111232,0.015081285499036312,0.0530419647693634,0.05429190769791603,0.014205125160515308,0.014205125160515308,outer_iteration,,False,False,experiment_13_new_run,-2.1133675575256348,93256.0,1.0,1.0,1.0,0.054713564416020016,9.311492734870411e-05,0.11173626349178788,0.11173626349178788,0.21447722567077088,9.15969118751875e-18,0.0838053739996824,26.0,26.0,26.0,0.08325753553048987,0.05769372460107525,0.08757115114923464,0.05924160753367924,0.08757115114923464,0.05924160753367924,0.08243708312511444,0.08052341639995575,0.09483450651168823,0.08759535849094391,333333.0,333333.0,333333.0,2383860.0,795553.0,793843.0,794464.0
fixed_beta_reservoir_escher,Fixed-Beta Reservoir ESCHER,2,28,27,540000,4508452.0,11543.006156999,0.12588493064520373,-0.08436168714202363,0.0012447369359763621,0.015115593560039997,0.05322404205799103,0.05603696405887604,0.014538711247344812,0.014538711247344812,outer_iteration,,False,False,experiment_13_new_run,-2.0560221672058105,92585.0,1.0,1.0,1.0,0.05365969183652577,8.498884843205043e-05,0.1111910518651876,0.1111910518651876,0.2055826597358299,8.974980131922564e-18,0.08521444829483273,27.0,27.0,27.0,0.08757115114923464,0.05924160753367924,0.08975934194058532,0.06278171703307056,0.08975934194058532,0.06278171703307056,0.07663008570671082,0.07414155453443527,0.08644454926252365,0.08354064077138901,333333.0,333333.0,333333.0,2476445.0,826439.0,824778.0,825228.0
fixed_beta_reservoir_escher,Fixed-Beta Reservoir ESCHER,2,29,28,560000,4674605.0,11967.990173061,0.14106583049183033,-0.08773443014383708,0.0021280060658370875,0.015042784623801708,0.057987574487924576,0.056752368807792664,0.015083236619830132,0.015083236619830132,outer_iteration,,False,False,experiment_13_new_run,-2.0809829235076904,91000.0,1.0,1.0,1.0,0.04772027373101062,8.737916407299062e-05,0.10926877295993484,0.10926877295993484,0.20178345407606024,8.575345215135443e-18,0.08409162633564984,28.0,28.0,28.0,0.08975934194058532,0.06278171703307056,0.09422006561220764,0.06575104539026588,0.09422006561220764,0.06575104539026588,0.07783961296081543,0.07952050119638443,0.09048270434141159,0.08871272206306458,333333.0,333333.0,333333.0,2567445.0,856793.0,855107.0,855545.0
fixed_beta_reservoir_escher,Fixed-Beta Reservoir ESCHER,2,30,29,580000,4840666.0,12390.929102748996,0.12591540896257586,-0.09071510683020814,0.005108682752208146,0.013651124201714993,0.05189833417534828,0.05420280620455742,0.01667558339734872,0.01667558339734872,outer_iteration,,False,False,experiment_13_new_run,-2.1096909046173096,90870.0,1.0,1.0,1.0,0.05015898799756702,7.71827613911611e-05,0.1058097255186199,0.1058097255186199,0.20159362616477153,8.461299854112215e-18,0.08333170745997408,29.0,29.0,29.0,0.09422006561220764,0.06575104539026588,0.09960131656268023,0.06930831937250315,0.09960131656268023,0.06930831937250315,0.07218274474143982,0.07617950439453125,0.08561959862709045,0.08604944497346878,333333.0,333333.0,333333.0,2658315.0,887149.0,885288.0,885878.0
