algorithm_id,algorithm_label,seed,checkpoint_index,iteration,episode,nodes_touched,wall_clock_seconds,exploitability,average_policy_value,policy_value_error,average_policy_loss,regret_loss_player_0,regret_loss_player_1,baseline_loss_player_0,baseline_loss_player_1,checkpoint_kind,checkpoint_target_nodes,is_initial_policy_evaluation,is_final_policy_evaluation,result_source,calibration_loss,unbiased_estimator_sample_count,control_variate_beta_mean,control_variate_beta_min,control_variate_beta_max,predicted_residual_variance_mean,q_ensemble_disagreement_mean,q_residual_abs_mean,control_residual_abs_mean,importance_correction_abs_mean,policy_weighted_advantage_abs_mean,full_support_sampling_min_probability,calibration_target_version,q_ensemble_target_version_min,q_ensemble_target_version_max,prediction_gate_player_0,prediction_gate_player_1,prediction_gate_next_player_0,prediction_gate_next_player_1,predictor_relative_skill_player_0,predictor_relative_skill_player_1,predictor_holdout_mse_player_0,predictor_holdout_mse_player_1,predictor_zero_mse_player_0,predictor_zero_mse_player_1,q_fold_0_replay_size,q_fold_1_replay_size,q_fold_2_replay_size
unbiased_control_variate_escher,Unbiased Control-Variate ESCHER,0,0,0,0,0.0,0.746279530999999,2.373611111111111,-0.078125,0.007481424077999996,,,,,,initial_untrained_policy,,True,False,experiment_6_new_run,,0.0,0.0,,,0.0,0.0,0.0,0.0,0.0,0.0,1.0,0.0,0.0,0.0,0.0,0.0,0.0,0.0,0.0,0.0,,,,,0.0,0.0,0.0
unbiased_control_variate_escher,Unbiased Control-Variate ESCHER,0,1,1,1532,10000.0,32.16524031499998,1.0070352306486212,0.006773903845688753,0.09238032792368875,3.082966770762141e-08,,,,,early_node_threshold,10000,False,False,experiment_6_new_run,,4624.0,1.0,1.0,1.0,1.0000100135803223,0.0,0.06983630556294954,0.06983630556294954,0.10475445834442328,0.0,0.5,0.0,0.0,0.0,0.0,0.0,0.0,0.0,0.0,0.0,,,,,1550.0,1526.0,1548.0
unbiased_control_variate_escher,Unbiased Control-Variate ESCHER,0,2,1,20000,129605.0,439.972850213,3.9998844186791316,1.000007137070458,1.0856135611484579,1.9813386487044227e-08,0.007003729697316885,0.22124624252319336,8.560290728117556e-07,8.560290728117556e-07,outer_iteration,,False,False,experiment_6_new_run,-2.64475154876709,61189.0,1.0,1.0,1.0,1.0000100135803223,0.0,0.13272999043319658,0.13272999043319658,0.25201990805294044,0.0,0.3333333333333333,1.0,1.0,1.0,0.0,0.0,0.0,0.0,0.0,0.0,0.01391579769551754,0.32613009214401245,0.01391579769551754,0.32613009214401245,20348.0,20381.0,20460.0
unbiased_control_variate_escher,Unbiased Control-Variate ESCHER,0,3,2,40000,293559.0,889.310554778,6.255555470275516,1.568258279419163,1.653864703497163,0.1396484524011612,0.5866996645927429,2.5869553089141846,0.001185603051756819,0.001185603051756819,outer_iteration,,False,False,experiment_6_new_run,-1.3126498460769653,91183.0,0.8654618773489169,0.0,2.0,0.037320418752820404,0.0015364687498144755,0.5186730297966303,0.5309875437072411,0.9171308905807483,8.579640275871779e-18,0.08785572729109063,2.0,2.0,2.0,0.0,0.0,0.0,0.0,-0.0021499096468049483,-0.019608988724577614,1.0356230735778809,3.4110679626464844,1.0331326723098755,3.289017915725708,50753.0,50784.0,50835.0
unbiased_control_variate_escher,Unbiased Control-Variate ESCHER,0,4,3,60000,476766.0,1365.744700803,3.66283844916976,0.7180083811361535,0.8036148052141535,0.09110083431005478,5.475736141204834,0.544413149356842,0.000523475716666629,0.000523475716666629,outer_iteration,,False,False,experiment_6_new_run,-0.922812819480896,105452.0,1.1228233092064384,0.0,2.0,2.927506859096627,0.0035812262645520117,0.37600906401999945,0.40512434486095217,0.7375921880652669,1.3224766245267837e-17,0.07763777708973843,3.0,3.0,3.0,0.0,0.0,0.0,0.0,-0.053161981581365314,-0.02746834105020013,5.507630825042725,1.520545482635498,5.179116725921631,1.437045931816101,85948.0,85936.0,85940.0
unbiased_control_variate_escher,Unbiased Control-Variate ESCHER,0,5,4,80000,650484.0,1827.873066425,2.3712770719560874,0.04325793747852724,0.12886436155652725,0.06167125701904297,0.4775868356227875,0.10802028328180313,0.0020728932383159795,0.0020728932383159795,outer_iteration,,False,False,experiment_6_new_run,-1.05873703956604,97993.0,0.9696237078505349,0.0,2.0,1.1934038497980846,0.0017317045948380485,0.18655733056581347,0.19728292030945063,0.39485282387427467,1.1187303500895663e-17,0.07329822315900848,4.0,4.0,4.0,0.0,0.0,0.0,0.0,-0.06830571664845841,-0.03293223749859253,0.792610228061676,0.28781425952911377,0.6625566482543945,0.24512821435928345,118632.0,118638.0,118547.0
unbiased_control_variate_escher,Unbiased Control-Variate ESCHER,0,6,5,100000,818512.0,2279.748368688,1.270991201984699,0.045306421568854505,0.13091284564685451,0.05295078828930855,0.10711131244897842,0.07172229886054993,0.008885546742628017,0.008885546742628017,outer_iteration,,False,False,experiment_6_new_run,-1.1408209800720215,92817.0,0.993631029904433,0.0,2.0,0.07356949570990175,0.001498702451132559,0.14437647997926037,0.1586918234273159,0.3073110763500893,1.026003944780304e-17,0.07886629320077554,5.0,5.0,5.0,0.0,0.0,0.0,0.0,-0.06392602277792969,-0.03152930861678738,0.16186808049678802,0.10514848679304123,0.17534239590168,0.10998883843421936,149686.0,149326.0,149622.0
unbiased_control_variate_escher,Unbiased Control-Variate ESCHER,0,7,6,120000,988616.0,2746.205592353,0.7693591567928303,-0.03950698804033345,0.046099436037666544,0.04204413667321205,0.06905029714107513,0.053111638873815536,0.012248765677213669,0.012248765677213669,outer_iteration,,False,False,experiment_6_new_run,-1.211709976196289,94445.0,1.0641219504140293,0.0,2.0,0.043765815221792494,0.0007430881381677287,0.12460008910589909,0.12846287801996997,0.25388290441452616,9.433011181447545e-18,0.07869482060534774,6.0,6.0,6.0,0.0,0.0,0.0,0.0,-0.06041608154574862,-0.029554686208941527,0.10252638906240463,0.0860154777765274,0.11399639397859573,0.09395847469568253,181143.0,180759.0,181177.0
unbiased_control_variate_escher,Unbiased Control-Variate ESCHER,0,8,7,140000,1159338.0,3203.241365916,0.6442166684204687,-0.10585971694867033,0.020253292870670334,0.032132163643836975,0.057745207101106644,0.05541132017970085,0.013109961524605751,0.013109961524605751,outer_iteration,,False,False,experiment_6_new_run,-1.3397340774536133,94939.0,1.0090271133167386,0.0,2.0,0.034209276140356064,0.0004434410510001262,0.11536061693937759,0.11936262161879468,0.2327635364964051,9.495989321419227e-18,0.08927164910585617,7.0,7.0,7.0,0.0,0.0,0.0,0.0,-0.05696680788524611,-0.027812205891064368,0.08303942531347275,0.0772082582116127,0.09425957500934601,0.08354569971561432,212676.0,212414.0,212928.0
unbiased_control_variate_escher,Unbiased Control-Variate ESCHER,0,9,8,160000,1331712.0,3664.056300229,0.5663124095190947,-0.11177414639621774,0.026167722318217748,0.02672889269888401,0.05600196123123169,0.05058976635336876,0.013035004337628683,0.013035004337628683,outer_iteration,,False,False,experiment_6_new_run,-1.4648844003677368,96497.0,1.0031780069518432,0.0,2.0,0.030817553379576486,0.0002916841632444894,0.11679608494686426,0.12015889778134908,0.2236782672532254,9.060290823719296e-18,0.09211749895434615,8.0,8.0,8.0,0.0,0.0,0.0,0.0,-0.053578734741346334,-0.025175687926696444,0.08315858244895935,0.07246655970811844,0.09312253445386887,0.08238507807254791,244749.0,244614.0,245152.0
unbiased_control_variate_escher,Unbiased Control-Variate ESCHER,0,10,9,180000,1503203.0,4130.43310868,0.5478145935398657,-0.1367616569667263,0.051155232888726296,0.022829273715615273,0.05806936323642731,0.04093173146247864,0.0126491142436862,0.0126491142436862,outer_iteration,,False,False,experiment_6_new_run,-1.5564109086990356,95600.0,1.0029429844503517,0.0,2.0,0.042138123068002055,0.00021173072377601062,0.11421910845434462,0.11601241846728971,0.22040655738709453,9.619172640477759e-18,0.08492212039544704,9.0,9.0,9.0,0.0,0.0,0.0,0.0,-0.05033474777139002,-0.022500994227466764,0.08669032901525497,0.06054616719484329,0.09506291151046753,0.07011643797159195,276635.0,276474.0,277006.0
unbiased_control_variate_escher,Unbiased Control-Variate ESCHER,0,11,10,200000,1676092.0,4589.433253844,0.4535002147441739,-0.13952745251948723,0.05392102844148723,0.020543290302157402,0.059218067675828934,0.04913916811347008,0.011333171899120012,0.011333171899120012,outer_iteration,,False,False,experiment_6_new_run,-1.5586919784545898,96606.0,0.9979626098901014,0.0,2.0,0.045024265986085735,0.00017464518761057355,0.1210672217043914,0.12244023052082721,0.2363870913233328,9.565096076279765e-18,0.08627970997551662,10.0,10.0,10.0,0.0,0.0,0.0,0.0,-0.046346832979411445,-0.020697821553618878,0.08738214522600174,0.07321322709321976,0.09775033593177795,0.07846688479185104,308856.0,308659.0,309206.0
unbiased_control_variate_escher,Unbiased Control-Variate ESCHER,0,12,11,220000,1848609.0,5056.664725947,0.3856476536686587,-0.137261603742202,0.05165517966420201,0.017978256568312645,0.056903496384620667,0.04519153758883476,0.013203376283248266,0.013203376283248266,outer_iteration,,False,False,experiment_6_new_run,-1.520211935043335,96384.0,1.0093047256515935,0.0,2.0,0.04944144397593484,0.00013468331139693433,0.12390990551643562,0.12394044851170324,0.23643382554551656,9.837953807451426e-18,0.08485478719251163,11.0,11.0,11.0,0.0,0.0,0.0,0.0,-0.042844462493847324,-0.017666865339551308,0.09176381677389145,0.06742174178361893,0.09958159923553467,0.07668573409318924,333333.0,333333.0,333333.0
unbiased_control_variate_escher,Unbiased Control-Variate ESCHER,0,13,12,240000,2019373.0,5520.229128564,0.3326245080163851,-0.12184042456173005,0.03623400048373006,0.016562022268772125,0.058862894773483276,0.043270036578178406,0.013824580858151117,0.013824580858151117,outer_iteration,,False,False,experiment_6_new_run,-1.6334742307662964,94681.0,0.9992098575349221,0.0,2.0,0.05250351116440888,0.00010490785033961969,0.11330098117392373,0.11338477555498847,0.223069453670204,9.706229605532365e-18,0.08509906758308106,12.0,12.0,12.0,0.0,0.0,0.0,0.0,-0.03877263118886409,-0.01399746849493222,0.0841820016503334,0.06217413768172264,0.09356344491243362,0.07297588884830475,333333.0,333333.0,333333.0
unbiased_control_variate_escher,Unbiased Control-Variate ESCHER,0,14,13,260000,2188812.0,5969.936012576,0.2760450679764974,-0.1233382383742671,0.03773181429626711,0.013927971012890339,0.05306835472583771,0.04301438853144646,0.01657442810634772,0.01657442810634772,outer_iteration,,False,False,experiment_6_new_run,-1.8130717277526855,93501.0,1.0018291001285995,0.06509918752652566,1.9612885906115713,0.05113592557743082,8.453923792189746e-05,0.10857099153473934,0.10867395135473813,0.200928035366811,8.845738026925876e-18,0.08350075398406771,13.0,13.0,13.0,0.0,0.0,0.0,0.0,-0.03466597593367449,-0.009906060838294373,0.08046219497919083,0.05969328060746193,0.08951330184936523,0.07112215459346771,333333.0,333333.0,333333.0
unbiased_control_variate_escher,Unbiased Control-Variate ESCHER,0,15,14,280000,2358592.0,6417.214905754,0.2585520286196706,-0.12993437796540058,0.04432795388740059,0.015409465879201889,0.05582151189446449,0.05144882574677467,0.015115439891815186,0.015115439891815186,outer_iteration,,False,False,experiment_6_new_run,-1.9220205545425415,93667.0,1.0049301554290266,0.09286436784828822,2.0,0.050643255763980495,9.710264214091548e-05,0.10768829005581082,0.107668803992688,0.20673721705592868,8.411075303215093e-18,0.08482718728527408,14.0,14.0,14.0,0.0,0.0,0.0,0.0,-0.029818396339321485,-0.006335259341353261,0.08310841768980026,0.07379723340272903,0.0936196893453598,0.0830303430557251,333333.0,333333.0,333333.0
unbiased_control_variate_escher,Unbiased Control-Variate ESCHER,0,16,15,300000,2528397.0,6866.452003053,0.23791242328436196,-0.12376167446747596,0.03815525038947597,0.015141397714614868,0.05004960671067238,0.04975903034210205,0.016237868306537468,0.016237868306537468,outer_iteration,,False,False,experiment_6_new_run,-1.99778151512146,93707.0,1.00876042316003,0.2677675444962244,2.0,0.047323483234465974,9.817855980397633e-05,0.10744138843726701,0.1078168155570795,0.2034931712569073,8.493597828812563e-18,0.08338322468647831,15.0,15.0,15.0,0.0,0.0,0.0,0.0,-0.02523570378012563,-0.0017094524848173531,0.0754043385386467,0.07202714681625366,0.08496467769145966,0.08360814303159714,333333.0,333333.0,333333.0
unbiased_control_variate_escher,Unbiased Control-Variate ESCHER,0,17,16,320000,2699942.0,7324.197376762,0.2283017195230238,-0.11959227187758159,0.033985847799581595,0.014259218238294125,0.05712290108203888,0.0693407729268074,0.013891642292340597,0.013891642292340597,outer_iteration,,False,False,experiment_6_new_run,-1.9582639932632446,95290.0,1.0048170408053583,0.0,1.9066995382558631,0.05058339556817346,0.00011305758630284269,0.11676824261767514,0.11673518020072397,0.22397132799215735,8.588683439071936e-18,0.0831527275439384,16.0,16.0,16.0,0.0,0.0,0.0,0.0,-0.019993821056601968,-0.00037834645643974874,0.07817786186933517,0.10651195794343948,0.08885150402784348,0.10960692167282104,333333.0,333333.0,333333.0
unbiased_control_variate_escher,Unbiased Control-Variate ESCHER,0,18,17,340000,2870520.0,7784.302449529,0.20869159262940257,-0.11554836205256364,0.02994193797456364,0.01264728233218193,0.053269583731889725,0.06292698532342911,0.015974994127949078,0.015974994127949078,outer_iteration,,False,False,experiment_6_new_run,-2.0348708629608154,94530.0,1.0020690848111506,0.4515895740481549,1.7594324270392305,0.054886109155760164,0.0001180435764979551,0.12453864813679147,0.12481017669100809,0.24228439058761686,1.0160807927353506e-17,0.08382887114600618,17.0,17.0,17.0,0.0,0.0,0.0,0.0014948699673661414,-0.015753226607868154,0.0014948699673661414,0.09117182344198227,0.08770130574703217,0.09901585429906845,0.09199602156877518,333333.0,333333.0,333333.0
unbiased_control_variate_escher,Unbiased Control-Variate ESCHER,0,19,18,360000,3041430.0,8241.960858492,0.2001337674119068,-0.11364172327466335,0.028035299196663352,0.01184649858623743,0.054721761494874954,0.059112757444381714,0.017863359302282333,0.017863359302282333,outer_iteration,,False,False,experiment_6_new_run,-2.007305145263672,94791.0,1.0015690831717274,0.33682911454915,1.7753280999810683,0.05286749370866097,0.00011832738160100681,0.12238985251658072,0.1224428712276977,0.23387419272888718,9.745546311136636e-18,0.08466350879572677,18.0,18.0,18.0,0.0,0.0014948699673661414,0.0,0.006524591185620987,-0.00947409047306591,0.006524591185620987,0.08480357378721237,0.07836256921291351,0.0969763994216919,0.0894084945321083,333333.0,333333.0,333333.0
unbiased_control_variate_escher,Unbiased Control-Variate ESCHER,0,20,19,380000,3212662.0,8702.056512158,0.19576196957149844,-0.11889874264638547,0.03329231856838548,0.011807308532297611,0.058263182640075684,0.05701657757163048,0.016138139180839062,0.016138139180839062,outer_iteration,,False,False,experiment_6_new_run,-2.047671318054199,95045.0,0.9999098817250257,0.4030401982592219,1.7164835973480805,0.05765175135456651,0.00013650153494171793,0.11658473525465657,0.11656189123423824,0.22514700585451347,9.357142513712238e-18,0.08363639474617174,19.0,19.0,19.0,0.0,0.006524591185620987,0.0,0.011903152247522253,-0.004085171335693971,0.011903152247522253,0.08217666298151016,0.075930155813694,0.09238159656524658,0.0874735563993454,333333.0,333333.0,333333.0
unbiased_control_variate_escher,Unbiased Control-Variate ESCHER,0,21,20,400000,3381772.0,9160.202053859,0.15841936904290815,-0.11794749379649888,0.032341069718498885,0.011104290373623371,0.05169990658760071,0.052703846246004105,0.016424519009888172,0.016424519009888172,outer_iteration,,False,False,experiment_6_new_run,-1.976194977760315,93072.0,0.9992086143250211,0.3393979554296742,2.0,0.048291269391527246,0.0001156919222046414,0.11186890770269248,0.11181707618125673,0.2107533884102194,8.962907039225575e-18,0.08462025257491926,20.0,20.0,20.0,0.0,0.011903152247522253,0.0021220147193806715,0.015987173180214254,0.0021220147193806715,0.015987173180214254,0.07828710228204727,0.07207727432250977,0.0899643525481224,0.0808686763048172,333333.0,333333.0,333333.0
unbiased_control_variate_escher,Unbiased Control-Variate ESCHER,0,22,21,420000,3551005.0,9616.936456475,0.15822748420336563,-0.11209399871334319,0.026487574635343195,0.010857517831027508,0.05460289120674133,0.04986947402358055,0.015293164799610773,0.015293164799610773,outer_iteration,,False,False,experiment_6_new_run,-2.099803924560547,93353.0,0.9989168520079811,0.45632085172004233,2.0,0.05280912816880705,0.00014663131403898886,0.11199571556244163,0.11190586887293835,0.21090955531738448,8.82169414594219e-18,0.08117903649802216,21.0,21.0,21.0,0.0021220147193806715,0.015987173180214254,0.008611469070450961,0.020788990031556986,0.008611469070450961,0.020788990031556986,0.08561480045318604,0.07159911096096039,0.09779016673564911,0.08157936483621597,333333.0,333333.0,333333.0
unbiased_control_variate_escher,Unbiased Control-Variate ESCHER,0,23,22,440000,3720946.0,10068.546976658,0.1573987390204426,-0.11208335966342658,0.02647693558542659,0.012295164167881012,0.0595875084400177,0.05305105075240135,0.015494091436266899,0.015494091436266899,outer_iteration,,False,False,experiment_6_new_run,-2.060020923614502,93815.0,0.9960187654603841,0.3728436438584236,1.5520707317673959,0.05510353770408,0.00010086213324455158,0.1070496874670249,0.1070343254803998,0.20957145490301873,8.4693054073417e-18,0.08392518271501673,22.0,22.0,22.0,0.008611469070450961,0.020788990031556986,0.014837578549852792,0.02475582444793778,0.014837578549852792,0.02475582444793778,0.07833783328533173,0.07163629680871964,0.09000729769468307,0.08006910234689713,333333.0,333333.0,333333.0
unbiased_control_variate_escher,Unbiased Control-Variate ESCHER,0,24,23,460000,3889634.0,10516.44395356,0.14690113477679914,-0.1119304288173065,0.026324004739306503,0.012787234038114548,0.04870157316327095,0.05694887042045593,0.015291360827783743,0.015291360827783743,outer_iteration,,False,False,experiment_6_new_run,-2.0606136322021484,92785.0,1.0038204906299604,0.4146377328746865,1.508737153578382,0.05342972827665731,0.0001015106633576516,0.10426631972829868,0.10416732581259477,0.19745089335650404,7.994561034012038e-18,0.08557398090037177,23.0,23.0,23.0,0.014837578549852792,0.02475582444793778,0.021809990668430923,0.02872986618029827,0.021809990668430923,0.02872986618029827,0.06969275325536728,0.08277756720781326,0.08247167617082596,0.09150910377502441,333333.0,333333.0,333333.0
unbiased_control_variate_escher,Unbiased Control-Variate ESCHER,0,25,24,480000,4058877.0,10967.069396035,0.15319757823143093,-0.11302404268447566,0.027417618606475666,0.010500602424144745,0.0549076646566391,0.05574735999107361,0.015195020474493504,0.015195020474493504,outer_iteration,,False,False,experiment_6_new_run,-2.0822904109954834,93372.0,1.0018977898679358,0.13901417432253016,1.6982752189040595,0.05641295549045013,0.00010610912608867353,0.11003135642569764,0.11009810155670541,0.21699351323317434,9.148938306177411e-18,0.08390831149055143,24.0,24.0,24.0,0.021809990668430923,0.02872986618029827,0.027377258835192042,0.032799818947384596,0.027377258835192042,0.032799818947384596,0.08228009194135666,0.0764172151684761,0.09313371032476425,0.08517079055309296,333333.0,333333.0,333333.0
unbiased_control_variate_escher,Unbiased Control-Variate ESCHER,0,26,25,500000,4228583.0,11420.794929288,0.13870389209356992,-0.10608310574057717,0.02047668166257717,0.010916761122643948,0.05216090753674507,0.055525168776512146,0.014992818236351013,0.014992818236351013,outer_iteration,,False,False,experiment_6_new_run,-2.0363893508911133,93727.0,1.0010645454276021,0.6384633108690008,1.4687622426501425,0.051184173261198916,8.78548743274566e-05,0.1087921252223196,0.10884821258596003,0.21184649142382356,9.287370378129452e-18,0.08448646277246699,25.0,25.0,25.0,0.027377258835192042,0.032799818947384596,0.03225189829201325,0.03730053992114912,0.03225189829201325,0.03730053992114912,0.07699721306562424,0.07505253702402115,0.08674727380275726,0.084480419754982,333333.0,333333.0,333333.0
unbiased_control_variate_escher,Unbiased Control-Variate ESCHER,0,27,26,520000,4397928.0,11873.219786518,0.12492213983269582,-0.10894567205786537,0.023339247979865377,0.010681246407330036,0.05268620327115059,0.05500815436244011,0.017210907613237698,0.017210907613237698,outer_iteration,,False,False,experiment_6_new_run,-2.0818591117858887,93496.0,0.999642215916083,0.591022413653951,1.4054546327365829,0.05349012117501843,8.250171663655953e-05,0.10794975943866993,0.10796414110064353,0.2083483649569849,9.20946305819955e-18,0.08296796650771814,26.0,26.0,26.0,0.03225189829201325,0.03730053992114912,0.03786402430151692,0.04300729218651911,0.03786402430151692,0.04300729218651911,0.0755542516708374,0.0740085244178772,0.08647021651268005,0.08527255058288574,333333.0,333333.0,333333.0
unbiased_control_variate_escher,Unbiased Control-Variate ESCHER,0,28,27,540000,4566907.0,12327.53380599,0.13304885598134764,-0.10858386385065849,0.022977439772658495,0.010151711292564869,0.05334287881851196,0.05194109305739403,0.015218957016865412,0.015218957016865412,outer_iteration,,False,False,experiment_6_new_run,-2.066107988357544,93096.0,1.0027665454875192,0.735539016970371,1.43176931474949,0.03949019436505656,8.066873711190826e-05,0.10833767142729192,0.1083920324068378,0.21060653554795536,9.001805655552213e-18,0.0875386624681401,27.0,27.0,27.0,0.03786402430151692,0.04300729218651911,0.04402166105440475,0.04857700158681533,0.04402166105440475,0.04857700158681533,0.07909833639860153,0.07079852372407913,0.09113568067550659,0.08187609910964966,333333.0,333333.0,333333.0
unbiased_control_variate_escher,Unbiased Control-Variate ESCHER,0,29,28,560000,4735698.0,12781.636042229,0.13369995406975824,-0.10955117794131974,0.023944753863319748,0.00957552995532751,0.05839492008090019,0.056996896862983704,0.015206110042830309,0.015206110042830309,outer_iteration,,False,False,experiment_6_new_run,-2.0040125846862793,92977.0,1.0002741922105578,0.0,1.6153509869233114,0.04760976132031138,9.445916438601263e-05,0.11064643984230965,0.1106982462766414,0.21694904235972834,9.176486781261472e-18,0.08428251274676415,28.0,28.0,28.0,0.04402166105440475,0.04857700158681533,0.04953231350039278,0.05189708711530783,0.04953231350039278,0.05189708711530783,0.07960674166679382,0.08017481863498688,0.09103170037269592,0.08883917331695557,333333.0,333333.0,333333.0
unbiased_control_variate_escher,Unbiased Control-Variate ESCHER,1,0,0,0,0.0,0.7475763850015937,2.373611111111111,-0.078125,0.007481424077999996,,,,,,initial_untrained_policy,,True,False,experiment_6_new_run,,0.0,0.0,,,0.0,0.0,0.0,0.0,0.0,0.0,1.0,0.0,0.0,0.0,0.0,0.0,0.0,0.0,0.0,0.0,,,,,0.0,0.0,0.0
unbiased_control_variate_escher,Unbiased Control-Variate ESCHER,1,1,1,1521,10002.0,31.890324838001106,1.010165790584539,0.009847349844433043,0.09545377392243304,7.2373631532229865e-09,,,,,early_node_threshold,10000,False,False,experiment_6_new_run,,4640.0,1.0,1.0,1.0,1.0000100135803223,0.0,0.06863395225464193,0.06863395225464193,0.1029509283819624,0.0,0.5,0.0,0.0,0.0,0.0,0.0,0.0,0.0,0.0,0.0,,,,,1568.0,1536.0,1536.0
unbiased_control_variate_escher,Unbiased Control-Variate ESCHER,1,2,1,20000,129314.0,432.45374180399995,4.000027005404661,1.000113262165907,1.085719686243907,6.618522263579507e-08,0.006819839123636484,0.22579024732112885,9.907118532955413e-08,9.907118532955413e-08,outer_iteration,,False,False,experiment_6_new_run,-2.4463610649108887,61024.0,1.0,1.0,1.0,1.0000100135803223,0.0,0.13275861199631267,0.13275861199631267,0.2520130793433976,0.0,0.3333333333333333,1.0,1.0,1.0,0.0,0.0,0.0,0.0,0.0,0.0,0.01379765197634697,0.325692743062973,0.01379765197634697,0.325692743062973,20431.0,20239.0,20354.0
unbiased_control_variate_escher,Unbiased Control-Variate ESCHER,1,3,2,40000,296803.0,879.3311366610014,2.581649386708704,-0.8194513389924473,0.7338449149144473,0.09424296766519547,1.6422897577285767,0.43969032168388367,0.0007453938208830854,0.0007453938208830854,outer_iteration,,False,False,experiment_6_new_run,-1.1171047687530518,91780.0,1.0109531567554053,0.0,2.0,0.044080632366700144,0.002044247630584063,0.3948885729266125,0.4139070242652683,0.7794249529851435,7.97025606840955e-18,0.10478152322531456,2.0,2.0,2.0,0.0,0.0,0.0,0.0,-0.0010197832469851509,-0.02861544276366379,2.4548516273498535,0.8565772175788879,2.4522242546081543,0.7512026429176331,51111.0,50942.0,50751.0
unbiased_control_variate_escher,Unbiased Control-Variate ESCHER,1,4,3,60000,475872.0,1351.3439076170016,3.415374838483622,-0.16814636807554134,0.08253994399754135,0.09216108173131943,0.7141060829162598,0.15632309019565582,0.0005710663778396944,0.0005710663778396944,outer_iteration,,False,False,experiment_6_new_run,-0.7939375042915344,103372.0,1.064079656703279,0.0,2.0,2.82929261293034,0.0020477286567609277,0.33851023213530523,0.3623278654246326,0.6652653933160709,1.2136877043281392e-17,0.06978460666711613,3.0,3.0,3.0,0.0,0.0,0.0,0.0,-0.029271921346830876,-0.039939256954586444,1.1076611280441284,0.3821575343608856,1.0125129222869873,0.33139264583587646,85510.0,85415.0,85251.0
unbiased_control_variate_escher,Unbiased Control-Variate ESCHER,1,5,4,80000,650116.0,1810.2601583150008,2.1425245678354266,0.7495863628430791,0.8351927869210791,0.08386507630348206,0.32330790162086487,0.2211519330739975,0.005547236340741317,0.005547236340741317,outer_iteration,,False,False,experiment_6_new_run,-1.0110692977905273,98192.0,1.0612380727586843,0.0,2.0,0.9037533582555267,0.002064723827708889,0.25625458913743654,0.27573462575852686,0.48358213536925276,1.028662279489574e-17,0.07311214533984287,4.0,4.0,4.0,0.0,0.0,0.0,0.0,-0.030161996330834828,-0.06916653567503617,0.4872784912586212,0.4673117697238922,0.47042107582092285,0.3473885953426361,118252.0,118156.0,117960.0
unbiased_control_variate_escher,Unbiased Control-Variate ESCHER,1,6,5,100000,815184.0,2255.737774176001,1.119183609810011,0.3553713775985654,0.4409778016765654,0.06903042644262314,0.06831793487071991,0.0947783961892128,0.012059373160203299,0.012059373160203299,outer_iteration,,False,False,experiment_6_new_run,-1.1476019620895386,90352.0,1.0035273175058568,0.0,2.0,0.10314551749697136,0.0012453532563493107,0.14740175391855664,0.15243398456837529,0.3010247101820369,1.0783716334684167e-17,0.07570082037208554,5.0,5.0,5.0,0.0,0.0,0.0,0.0,-0.03150840091212381,-0.0619510259043512,0.13913798332214355,0.14105060696601868,0.13081318140029907,0.15501034259796143,148420.0,148213.0,148087.0
unbiased_control_variate_escher,Unbiased Control-Variate ESCHER,1,7,6,120000,977712.0,2699.899805938001,0.8528015606884698,0.24451628005738713,0.33012270413538713,0.05423170328140259,0.06214490160346031,0.07790064811706543,0.017491513242324192,0.017491513242324192,outer_iteration,,False,False,experiment_6_new_run,-1.3765032291412354,88147.0,1.0301967711892115,0.0,2.0,0.03197253677966218,0.0006337939114832415,0.11883418156626513,0.11995647854385005,0.23860201005483786,9.675679382124672e-18,0.08261411133391477,6.0,6.0,6.0,0.0,0.0,0.0,0.0,-0.026113915041963143,-0.0534376272275896,0.08528762310743332,0.10236581414937973,0.0985063686966896,0.12205234915018082,177833.0,177622.0,177412.0
unbiased_control_variate_escher,Unbiased Control-Variate ESCHER,1,8,7,140000,1141588.0,3139.815284419001,0.6429614742467827,0.09759298827862195,0.18319941235662196,0.041643284261226654,0.06781121343374252,0.08588596433401108,0.015595879405736923,0.015595879405736923,outer_iteration,,False,False,experiment_6_new_run,-1.292961835861206,89028.0,1.0132980129175533,0.0,2.0,0.0232364566329875,0.0004091132515183567,0.11126445875983426,0.11115483512298889,0.21844485438032865,9.069539226979929e-18,0.08906163413843621,7.0,7.0,7.0,0.0,0.0,0.0,0.0,-0.02050784067381639,-0.044752649265829,0.08489430695772171,0.10012990236282349,0.09814797341823578,0.11978640407323837,207686.0,207216.0,206993.0
unbiased_control_variate_escher,Unbiased Control-Variate ESCHER,1,9,8,160000,1307654.0,3580.780839571,0.5357061648599258,0.04656157899946117,0.13216800307746118,0.03399648144841194,0.06323166936635971,0.08115880191326141,0.015280539480348429,0.015280539480348429,outer_iteration,,False,False,experiment_6_new_run,-1.527633547782898,90706.0,1.006235468782878,0.0,2.0,0.025114247021164975,0.00023174308601474754,0.11514911024505248,0.11498971935681933,0.21693578276629813,9.102805111872851e-18,0.09105020264301794,8.0,8.0,8.0,0.0,0.0,0.0,0.0,-0.016154642530507468,-0.036818797741775544,0.1040196493268013,0.09313487261533737,0.1132439374923706,0.1104903444647789,237795.0,237535.0,237271.0
unbiased_control_variate_escher,Unbiased Control-Variate ESCHER,1,10,9,180000,1477020.0,4027.7876733409994,0.5348536225908164,0.013206936934324703,0.0988133610123247,0.03031686693429947,0.07772226631641388,0.07739243656396866,0.015832214926679928,0.015832214926679928,outer_iteration,,False,False,experiment_6_new_run,-1.6315858364105225,93478.0,1.0046435589981826,0.0,2.0,0.03138356274300574,0.0002417003755740532,0.12481563752057584,0.12543860953758024,0.23445948468986844,9.963880270442525e-18,0.09088858814228215,9.0,9.0,9.0,0.0,0.0,0.0,0.0,-0.013153766493516628,-0.03080282614276597,0.11298530548810959,0.0978788211941719,0.1185891404747963,0.10971774905920029,269082.0,268748.0,268249.0
unbiased_control_variate_escher,Unbiased Control-Variate ESCHER,1,11,10,200000,1649333.0,4475.2916880890025,0.4801044624374041,-0.011189961984622299,0.0744164620933777,0.026232397183775902,0.07114837318658829,0.06838031858205795,0.017760215948025387,0.017760215948025387,outer_iteration,,False,False,experiment_6_new_run,-1.5342113971710205,95692.0,0.9961072783375876,0.0,2.0,0.0377307909207986,0.00019590970521394523,0.13205481545918385,0.13240148154184797,0.2382790397003544,1.000672167122725e-17,0.08747741493039941,10.0,10.0,10.0,0.0,0.0,0.0,0.0,-0.008164236253093371,-0.024353833153550664,0.10525324940681458,0.09670785069465637,0.11556226760149002,0.10936379432678223,300999.0,300579.0,300193.0
unbiased_control_variate_escher,Unbiased Control-Variate ESCHER,1,12,11,220000,1821228.0,4917.497680311002,0.4211352710406516,-0.019389417166607692,0.0662170069113923,0.02372928149998188,0.07962184399366379,0.07318838685750961,0.014857340914507708,0.014857340914507708,outer_iteration,,False,False,experiment_6_new_run,-1.6128185987472534,95079.0,0.9986202890012802,0.0,2.0,0.04435690297666547,0.0001736129257606196,0.12993380842597252,0.12998614059870367,0.24269517341325694,1.005418590656253e-17,0.08616216700819727,11.0,11.0,11.0,0.0,0.0,0.0,0.0,-0.0037284366473788744,-0.01726764793209523,0.10544169694185257,0.0914914533495903,0.11447955667972565,0.10551660507917404,332568.0,332370.0,331912.0
unbiased_control_variate_escher,Unbiased Control-Variate ESCHER,1,13,12,240000,1991661.0,5362.164250856002,0.3488766600947319,-0.04693666046034789,0.038669763617652106,0.02310105971992016,0.061181288212537766,0.07548198848962784,0.017791736871004105,0.017791736871004105,outer_iteration,,False,False,experiment_6_new_run,-1.5900099277496338,93948.0,0.9856273567564476,0.0,2.0,0.040861349453085366,0.00015421654257453455,0.12604451632397504,0.12670395270505194,0.2420230670867524,1.0387020172416065e-17,0.08529988081146019,12.0,12.0,12.0,0.0,0.0,0.00145359984772786,0.0,0.00145359984772786,-0.011210724898250035,0.0909557193517685,0.09658258408308029,0.10158854722976685,0.10813634097576141,333333.0,333333.0,333333.0
unbiased_control_variate_escher,Unbiased Control-Variate ESCHER,1,14,13,260000,2161577.0,5807.762263793002,0.2780589716545694,-0.057466450558034676,0.02813997351996532,0.021887391805648804,0.05713510140776634,0.08249247074127197,0.01761990909775098,0.01761990909775098,outer_iteration,,False,False,experiment_6_new_run,-1.7971595525741577,93556.0,0.9941831327937364,0.0,2.0,0.05922792274009012,0.00013654513031525678,0.12492438597014625,0.12526931370975544,0.2375406144420706,9.917221339153541e-18,0.08209671431936669,13.0,13.0,13.0,0.00145359984772786,0.0,0.006344621507427983,0.0,0.006344621507427983,-0.0022279314514521698,0.08914502710103989,0.1086876392364502,0.09912783652544022,0.1263199895620346,333333.0,333333.0,333333.0
unbiased_control_variate_escher,Unbiased Control-Variate ESCHER,1,15,14,280000,2331777.0,6261.875395049001,0.23858626337961703,-0.08134461873149176,0.004261805346508232,0.020412137731909752,0.0831504687666893,0.08696619421243668,0.019142330934604008,0.019142330934604008,outer_iteration,,False,False,experiment_6_new_run,-1.8693819046020508,93919.0,1.010674186497859,0.0,2.0,0.060999245338525736,0.00013180354311596824,0.1288195613562776,0.12878555344767367,0.23461975427059828,9.595927776811e-18,0.0821978545113064,14.0,14.0,14.0,0.006344621507427983,0.0,0.011202605436410273,0.003910093380505297,0.011202605436410273,0.003910093380505297,0.11211568862199783,0.11183182895183563,0.12228058278560638,0.12403120845556259,333333.0,333333.0,333333.0
unbiased_control_variate_escher,Unbiased Control-Variate ESCHER,1,16,15,300000,2502633.0,6717.2550875510005,0.27751802392545055,-0.07617895858447565,0.009427465493524342,0.019075749441981316,0.06307113170623779,0.06959959119558334,0.020168403784434002,0.020168403784434002,outer_iteration,,False,False,experiment_6_new_run,-1.8856213092803955,94562.0,1.004492664857999,0.0,2.0,0.0670277271963159,0.00013713883068551845,0.12277828746661491,0.12381598393317995,0.23223194850792314,9.495967185546456e-18,0.08135696184540035,15.0,15.0,15.0,0.011202605436410273,0.003910093380505297,0.01631942157866384,0.010056859320552114,0.01631942157866384,0.010056859320552114,0.10125010460615158,0.0901002585887909,0.11197790503501892,0.10237395018339157,333333.0,333333.0,333333.0
unbiased_control_variate_escher,Unbiased Control-Variate ESCHER,1,17,16,320000,2672413.0,7173.947682106,0.24168254332425526,-0.08772830084865696,0.0021218767706569636,0.01792978309094906,0.06796685606241226,0.06769372522830963,0.01780954748392105,0.01780954748392105,outer_iteration,,False,False,experiment_6_new_run,-1.9244215488433838,93765.0,0.9962890372295244,0.0,2.0,0.0615595007206815,0.0001348379377520126,0.1199821637338266,0.12084673322465134,0.22861970744600957,9.704422809098573e-18,0.0816528733234968,16.0,16.0,16.0,0.01631942157866384,0.010056859320552114,0.020990743462698136,0.01846337725690994,0.020990743462698136,0.01846337725690994,0.10841627418994904,0.08986279368400574,0.11869139969348907,0.10644268989562988,333333.0,333333.0,333333.0
unbiased_control_variate_escher,Unbiased Control-Variate ESCHER,1,18,17,340000,2842163.0,7625.83664335,0.19040460072278492,-0.08893535781537407,0.0033289337373740707,0.017719175666570663,0.08315294235944748,0.05909344181418419,0.018346535973250866,0.018346535973250866,outer_iteration,,False,False,experiment_6_new_run,-1.9645754098892212,93779.0,1.0050024177368866,0.0,2.0,0.06142749991427921,0.00013301407665109146,0.11590586729248645,0.11643330505841983,0.21424296439314416,9.15153752738275e-18,0.08264707916040909,17.0,17.0,17.0,0.020990743462698136,0.01846337725690994,0.027060108580916897,0.02719176392589595,0.027060108580916897,0.02719176392589595,0.10518740117549896,0.08044915646314621,0.11813437938690186,0.09759587794542313,333333.0,333333.0,333333.0
unbiased_control_variate_escher,Unbiased Control-Variate ESCHER,1,19,18,360000,3013836.0,8074.928239228002,0.21987722901330303,-0.10044033513738901,0.014833911059389013,0.017218301072716713,0.06658222526311874,0.06670033186674118,0.017270103717843693,0.017270103717843693,outer_iteration,,False,False,experiment_6_new_run,-1.9851324558258057,95399.0,1.009709585922059,0.0,2.0,0.06084413568036869,0.0001296297907944484,0.11519736822394325,0.11520131693938296,0.2181368701269706,8.9425518169662e-18,0.08299344877191096,18.0,18.0,18.0,0.027060108580916897,0.02719176392589595,0.0339093695212922,0.03142087691215001,0.0339093695212922,0.03142087691215001,0.09612766653299332,0.09077213704586029,0.11050588637590408,0.10062529146671295,333333.0,333333.0,333333.0
unbiased_control_variate_escher,Unbiased Control-Variate ESCHER,1,20,19,380000,3185567.0,8526.319857803,0.1840908553271603,-0.09452359606160271,0.008917171983602715,0.01662200503051281,0.06744968146085739,0.0714125707745552,0.01871725171804428,0.01871725171804428,outer_iteration,,False,False,experiment_6_new_run,-2.0363824367523193,95361.0,1.0068814358613447,0.18065455854682466,2.0,0.055921763627619796,0.0001330320597060016,0.11733159002195567,0.11744305041422741,0.2219269862669488,9.700598576722927e-18,0.08276008883691073,19.0,19.0,19.0,0.0339093695212922,0.03142087691215001,0.040250302309856156,0.03643607472369115,0.040250302309856156,0.03643607472369115,0.09749463945627213,0.08804702013731003,0.1114698052406311,0.09925950318574905,333333.0,333333.0,333333.0
unbiased_control_variate_escher,Unbiased Control-Variate ESCHER,1,21,20,400000,3355393.0,8979.524259368,0.19940178797269073,-0.09173611373698906,0.006129689658989065,0.015046711079776287,0.06393426656723022,0.062150225043296814,0.018133962526917458,0.018133962526917458,outer_iteration,,False,False,experiment_6_new_run,-2.0025691986083984,93821.0,0.9981700882530995,0.1187043989331883,1.9692686227177247,0.04858201980351921,0.00012025042479338083,0.11604758208152673,0.11637932404637114,0.22358862603736196,9.690293355207292e-18,0.08207947353530753,20.0,20.0,20.0,0.040250302309856156,0.03643607472369115,0.045378362452490495,0.040913959151001045,0.045378362452490495,0.040913959151001045,0.08348365128040314,0.08954416215419769,0.09522548317909241,0.1001453846693039,333333.0,333333.0,333333.0
unbiased_control_variate_escher,Unbiased Control-Variate ESCHER,1,22,21,420000,3524593.0,9433.925092053001,0.16239689537887358,-0.09358717957216026,0.00798075549416026,0.013829554431140423,0.06417761743068695,0.06314762681722641,0.017961719383796055,0.017961719383796055,outer_iteration,,False,False,experiment_6_new_run,-2.0540871620178223,93415.0,1.0023461553984587,0.11082750466627334,2.0,0.05563266486564274,0.00011081081888586613,0.11685568521455303,0.11748365404815136,0.2249883094889156,9.732151165232442e-18,0.08352116936861367,21.0,21.0,21.0,0.045378362452490495,0.040913959151001045,0.05033861455064714,0.04666746171449254,0.05033861455064714,0.04666746171449254,0.09087026119232178,0.08526443690061569,0.10293712466955185,0.09787139296531677,333333.0,333333.0,333333.0
unbiased_control_variate_escher,Unbiased Control-Variate ESCHER,1,23,22,440000,3693514.0,9885.972760808001,0.18370816788644975,-0.08955868434595038,0.003952260267950383,0.013464908115565777,0.06160523369908333,0.05657379701733589,0.016458304598927498,0.016458304598927498,outer_iteration,,False,False,experiment_6_new_run,-1.9754843711853027,93158.0,0.9979549478453243,0.22419179015073043,1.9638735419884272,0.05788123627300156,9.966166381296782e-05,0.11587280860822728,0.11622801882683167,0.2198616963439011,9.326455143722048e-18,0.08268156851297173,22.0,22.0,22.0,0.05033861455064714,0.04666746171449254,0.05621491286422542,0.05049547208465366,0.05621491286422542,0.05049547208465366,0.08815759420394897,0.08390317857265472,0.10176364332437515,0.0937904566526413,333333.0,333333.0,333333.0
unbiased_control_variate_escher,Unbiased Control-Variate ESCHER,1,24,23,460000,3863290.0,10343.266186653002,0.16504833726584822,-0.08781529459868487,0.002208870520684872,0.013947914354503155,0.06287151575088501,0.06398555636405945,0.017968292037645977,0.017968292037645977,outer_iteration,,False,False,experiment_6_new_run,-1.9740616083145142,93764.0,1.0016008075645977,0.1013661904813008,1.605890854448671,0.06048866013769251,9.72569191558274e-05,0.11583571175771958,0.11645472669083913,0.2135558563129534,9.15823671673237e-18,0.08209700595816158,23.0,23.0,23.0,0.05621491286422542,0.05049547208465366,0.0612652768937616,0.05590050574682004,0.0612652768937616,0.05590050574682004,0.08997420966625214,0.08324060589075089,0.10283644497394562,0.09558628499507904,333333.0,333333.0,333333.0
unbiased_control_variate_escher,Unbiased Control-Variate ESCHER,1,25,24,480000,4033173.0,10798.366168412,0.142832152093341,-0.08467008486613503,0.0009363392118649644,0.01410750299692154,0.0635504350066185,0.06418681889772415,0.01780000018576781,0.01780000018576781,outer_iteration,,False,False,experiment_6_new_run,-1.7703607082366943,93798.0,0.9960251364965722,0.3753028256697749,1.5200309248987292,0.05089088835222253,8.685956173436474e-05,0.11702350262464603,0.11700974972511917,0.22101271747503967,9.364767606300564e-18,0.08504867314811915,24.0,24.0,24.0,0.0612652768937616,0.05590050574682004,0.06438822220760387,0.059208605287181415,0.06438822220760387,0.059208605287181415,0.08882123976945877,0.09126750379800797,0.09914598613977432,0.10141381621360779,333333.0,333333.0,333333.0
unbiased_control_variate_escher,Unbiased Control-Variate ESCHER,1,26,25,500000,4201999.0,11244.801274880001,0.14560977430076158,-0.08325736336577372,0.002349060712226278,0.013245753012597561,0.05422205105423927,0.05877736210823059,0.017152329285939533,0.017152329285939533,outer_iteration,,False,False,experiment_6_new_run,-2.0396535396575928,93078.0,0.9954600681007595,0.5156964636897832,1.510173049233646,0.05732566887222854,8.169478097972222e-05,0.11643543178465815,0.11666405097664911,0.21657969407736874,9.072732169433008e-18,0.08385974090074623,25.0,25.0,25.0,0.06438822220760387,0.059208605287181415,0.06796711066990424,0.06439135569384091,0.06796711066990424,0.06439135569384091,0.09001044183969498,0.07774841040372849,0.10127801448106766,0.08984673023223877,333333.0,333333.0,333333.0
unbiased_control_variate_escher,Unbiased Control-Variate ESCHER,1,27,26,520000,4370400.0,11693.931087343002,0.1393257691761562,-0.08346604516654585,0.0021403789114541466,0.01142823789268732,0.06523772329092026,0.0634877160191536,0.019223871330420177,0.019223871330420177,outer_iteration,,False,False,experiment_6_new_run,-1.8795723915100098,92808.0,0.9923567819932292,0.35752473688291087,1.597075202975493,0.059128442245816995,8.022140965158403e-05,0.11869563147930065,0.11916311389438766,0.2276426520654015,9.37522184310703e-18,0.0807756186608767,26.0,26.0,26.0,0.06796711066990424,0.06439135569384091,0.07183746962410842,0.06795466450736287,0.07183746962410842,0.06795466450736287,0.0903586819767952,0.0822952538728714,0.10232949256896973,0.09279561787843704,333333.0,333333.0,333333.0
unbiased_control_variate_escher,Unbiased Control-Variate ESCHER,1,28,27,540000,4540026.0,12148.65284103,0.14149387646980435,-0.08492600619280766,0.0006804178851923387,0.012284111231565475,0.06507788598537445,0.0592888779938221,0.01647260660926501,0.01647260660926501,outer_iteration,,False,False,experiment_6_new_run,-2.0898935794830322,93760.0,0.9967075894856889,0.5605935619848181,1.4763316399382242,0.055862935592069875,7.790166752628338e-05,0.11695167592165602,0.11702074282858872,0.22259739932430267,9.717310990921304e-18,0.08340806976949544,27.0,27.0,27.0,0.07183746962410842,0.06795466450736287,0.07539853127645357,0.07289673914537009,0.07539853127645357,0.07289673914537009,0.08695542067289352,0.08307332545518875,0.09853852540254593,0.09569783508777618,333333.0,333333.0,333333.0
unbiased_control_variate_escher,Unbiased Control-Variate ESCHER,1,29,28,560000,4708660.0,12608.921501611001,0.1424450448348712,-0.08358161251893176,0.0020248115590682375,0.010825292207300663,0.05474298074841499,0.05574226379394531,0.016016370927294094,0.016016370927294094,outer_iteration,,False,False,experiment_6_new_run,-2.1063039302825928,92982.0,0.9996114035562427,0.5514196897248489,1.4825209656419291,0.05706297434546167,7.551495367575784e-05,0.11271449291436064,0.11267385323683643,0.2166292125782416,9.202622786115986e-18,0.08404028355401882,28.0,28.0,28.0,0.07539853127645357,0.07289673914537009,0.07961762747993284,0.07545150811476053,0.07961762747993284,0.07545150811476053,0.0826360285282135,0.07475347816944122,0.09500295668840408,0.08393442630767822,333333.0,333333.0,333333.0
unbiased_control_variate_escher,Unbiased Control-Variate ESCHER,2,0,0,0,0.0,0.7451869279975654,2.373611111111111,-0.078125,0.007481424077999996,,,,,,initial_untrained_policy,,True,False,experiment_6_new_run,,0.0,0.0,,,0.0,0.0,0.0,0.0,0.0,0.0,1.0,0.0,0.0,0.0,0.0,0.0,0.0,0.0,0.0,0.0,,,,,0.0,0.0,0.0
unbiased_control_variate_escher,Unbiased Control-Variate ESCHER,2,1,1,1544,10000.0,32.4649543159976,1.0006354428610358,0.0005899473021650087,0.086196371380165,2.0198466510468194e-10,,,,,early_node_threshold,10000,False,False,experiment_6_new_run,,4608.0,1.0,1.0,1.0,1.0000100135803223,0.0,0.06807558760683745,0.06807558760683745,0.10211338141025597,0.0,0.5,0.0,0.0,0.0,0.0,0.0,0.0,0.0,0.0,0.0,,,,,1560.0,1492.0,1556.0
unbiased_control_variate_escher,Unbiased Control-Variate ESCHER,2,2,1,20000,129308.0,440.77030255099817,3.9998405472017664,1.000071763890446,1.0856781879684458,3.776199264393654e-08,0.006485510617494583,0.21406768262386322,3.3871414496881394e-06,3.3871414496881394e-06,outer_iteration,,False,False,experiment_6_new_run,-2.678778886795044,61017.0,1.0,1.0,1.0,1.0000100135803223,0.0,0.13185354396822496,0.13185354396822496,0.2503703255461801,0.0,0.3333333333333333,1.0,1.0,1.0,0.0,0.0,0.0,0.0,0.0,0.0,0.013715602457523346,0.32219040393829346,0.013715602457523346,0.32219040393829346,20270.0,20245.0,20502.0
unbiased_control_variate_escher,Unbiased Control-Variate ESCHER,2,3,2,40000,294369.0,897.0103180599981,3.9236865496549207,0.6901555639008614,0.7757619879788614,0.1287565380334854,1.0940788984298706,2.0019471645355225,0.0010974517014498513,0.0010974517014498513,outer_iteration,,False,False,experiment_6_new_run,-1.0492267608642578,91175.0,0.8807899354473618,0.0,2.0,0.0661817797369326,0.0019050206027460344,0.42195208292716146,0.4330777356548622,0.8068385512823334,9.459078270061154e-18,0.09762677131563184,2.0,2.0,2.0,0.0,0.0,0.0,0.0,-0.0015271437957931067,-0.03490638844264504,1.5758692026138306,2.861416816711426,1.5732780694961548,2.6670994758605957,50776.0,50437.0,50979.0
unbiased_control_variate_escher,Unbiased Control-Variate ESCHER,2,4,3,60000,477524.0,1371.8065110809985,2.916452847377772,0.3724561014090896,0.4580625254870896,0.09510193020105362,0.4592994749546051,0.1589227169752121,0.0004945513016233841,0.0004945513016233841,outer_iteration,,False,False,experiment_6_new_run,-0.9905931949615479,105213.0,1.0558215075422175,0.0,2.0,8.218017018075601,0.002454410852725998,0.3207934567241026,0.34021601952846825,0.6009608694108963,1.2889283584332891e-17,0.0752351569484762,3.0,3.0,3.0,0.0,0.0,0.0,0.0,-0.05609029974398494,-0.04952491738004938,0.9515166282653809,0.3727845549583435,0.8220851421356201,0.28540894389152527,85941.0,85467.0,85997.0
unbiased_control_variate_escher,Unbiased Control-Variate ESCHER,2,5,4,80000,652023.0,1835.2592305340004,1.7880052245460587,0.46295930019387843,0.5485657242718784,0.08297282457351685,0.3170944154262543,0.3255446255207062,0.004564683263500531,0.004564683263500531,outer_iteration,,False,False,experiment_6_new_run,-0.9710246324539185,97912.0,0.9871780682337955,0.0,2.0,0.5704955403774045,0.003368005012497279,0.2448412607096902,0.265700911818532,0.4610241438988271,1.0757505755664431e-17,0.07957886022357015,4.0,4.0,4.0,0.0,0.0,0.0,0.0,-0.05209517597868163,-0.04883397228947395,0.5311262011528015,0.5363283157348633,0.5128554701805115,0.5144964456558228,118620.0,118017.0,118680.0
unbiased_control_variate_escher,Unbiased Control-Variate ESCHER,2,6,5,100000,821885.0,2288.4229176549998,1.258429679168781,0.24735968380425566,0.33296610788225567,0.06838473677635193,0.11692590266466141,0.07785181701183319,0.010466484352946281,0.010466484352946281,outer_iteration,,False,False,experiment_6_new_run,-1.0047482252120972,94302.0,1.0452793794923334,0.0,2.0,0.16934664747819506,0.0018944014236658472,0.17670550619821074,0.17920385454855842,0.3159271131683383,1.1473842808703319e-17,0.08054247156638399,5.0,5.0,5.0,0.0,0.0,0.0,0.0,-0.05374583131040067,-0.04742250152085625,0.20218901336193085,0.14144296944141388,0.18817275762557983,0.14144329726696014,150147.0,149423.0,150049.0
unbiased_control_variate_escher,Unbiased Control-Variate ESCHER,2,7,6,120000,989769.0,2738.533026115998,0.9359502557165,0.09881577498317426,0.18442219906117424,0.056458767503499985,0.05312622711062431,0.06186038628220558,0.014558587844173113,0.014558587844173113,outer_iteration,,False,False,experiment_6_new_run,-1.2017709016799927,92061.0,1.0368417257107687,0.0,2.0,0.08114029417275755,0.0010358127533529246,0.1367142296642105,0.1382649708171878,0.26337522407571823,1.0834439694463673e-17,0.0873936664313071,6.0,6.0,6.0,0.0,0.0,0.0,0.0,-0.04878839575805993,-0.04365759251480528,0.0899994894862175,0.08899740874767303,0.0966716781258583,0.1011633649468422,180948.0,180139.0,180593.0
unbiased_control_variate_escher,Unbiased Control-Variate ESCHER,2,8,7,140000,1156165.0,3183.1248600910003,0.6693759491248494,0.008619009889580698,0.0942254339675807,0.04798249900341034,0.044358741492033005,0.05386398732662201,0.015052529983222485,0.015052529983222485,outer_iteration,,False,False,experiment_6_new_run,-1.274737000465393,90843.0,0.9836052119347626,0.0,2.0,0.02851093814305726,0.00047753121859116563,0.11475259492045714,0.11581460001032234,0.2176215082068002,9.104146141113995e-18,0.08597463593450093,7.0,7.0,7.0,0.0,0.0,0.0,0.0,-0.041290751130115044,-0.038892988359008784,0.0667155385017395,0.07595798373222351,0.07958360761404037,0.09171192348003387,211273.0,210358.0,210892.0
unbiased_control_variate_escher,Unbiased Control-Variate ESCHER,2,9,8,160000,1323221.0,3634.8721086339974,0.5689982451380734,-0.053367189033591944,0.03223923504440805,0.03954464569687843,0.05422482267022133,0.0559345968067646,0.017146156479914982,0.017146156479914982,outer_iteration,,False,False,experiment_6_new_run,-1.4219248294830322,91187.0,0.995968158992415,0.0,2.0,0.02815757439446747,0.0002319411140280376,0.1085345058708621,0.10919905454508583,0.21353250853594427,9.185518305639158e-18,0.08528678078788846,8.0,8.0,8.0,0.0,0.0,0.0,0.0,-0.03425002135283717,-0.03386961167983982,0.07331938296556473,0.07876667380332947,0.08457954227924347,0.09431993961334229,241797.0,240735.0,241178.0
unbiased_control_variate_escher,Unbiased Control-Variate ESCHER,2,10,9,180000,1491387.0,4086.9934755510003,0.500680049409575,-0.07062193725560412,0.014984486822395879,0.034339576959609985,0.05162272974848747,0.06207074597477913,0.013118168339133263,0.013118168339133263,outer_iteration,,False,False,experiment_6_new_run,-1.4327449798583984,92160.0,1.0066792982292756,0.0,2.0,0.033926853016101356,0.0001921210490731463,0.11205840700117048,0.11285931192690035,0.2109630107575687,8.805597190492935e-18,0.08629928099951219,9.0,9.0,9.0,0.0,0.0,0.0,0.0,-0.027697166416961627,-0.02840909641250855,0.08063994348049164,0.08494242280721664,0.09049084037542343,0.10088137537240982,272644.0,271445.0,271781.0
unbiased_control_variate_escher,Unbiased Control-Variate ESCHER,2,11,10,200000,1661606.0,4540.727362616999,0.4422802146333356,-0.06678822177321819,0.018818202304781803,0.025786206126213074,0.0667780265212059,0.06574074178934097,0.014904772552351156,0.014904772552351156,outer_iteration,,False,False,experiment_6_new_run,-1.4500454664230347,94061.0,0.9906581420207662,0.0,2.0,0.03822506488410694,0.00019109775312455037,0.11804275855423488,0.11859033759878963,0.22463517404192926,9.089907941496749e-18,0.08644179026233484,10.0,10.0,10.0,0.0,0.0,0.0,0.0,-0.02031427216068371,-0.02253300498503985,0.09391549229621887,0.09178301692008972,0.10491573810577393,0.10809331387281418,304014.0,302737.0,303180.0
unbiased_control_variate_escher,Unbiased Control-Variate ESCHER,2,12,11,220000,1832280.0,4996.495008616999,0.42482342658724764,-0.09373285514973617,0.008126431071736176,0.025610869750380516,0.0742424875497818,0.07094172388315201,0.013932893052697182,0.013932893052697182,outer_iteration,,False,False,experiment_6_new_run,-1.60280179977417,94408.0,0.9829445724802198,0.0,2.0,0.04304389352258338,0.00015826455655950413,0.12519274093208818,0.12548346972087424,0.2468130115209867,9.527078497751401e-18,0.08604742318973868,11.0,11.0,11.0,0.0,0.0,0.0,0.0,-0.013999059635270594,-0.017358058283434286,0.11047787964344025,0.09042081981897354,0.11951041221618652,0.10397765785455704,333333.0,333333.0,333333.0
unbiased_control_variate_escher,Unbiased Control-Variate ESCHER,2,13,12,240000,2001397.0,5454.896898437,0.3591155399355671,-0.09400851918998515,0.008402095111985156,0.02456897497177124,0.06688046455383301,0.07683325558900833,0.016033052777250607,0.016033052777250607,outer_iteration,,False,False,experiment_6_new_run,-1.639083743095398,93261.0,0.9874150288739534,0.0,2.0,0.04399312581679822,0.00016486482634441152,0.1234351054117443,0.12352460638494413,0.2401772047930572,9.592315550397099e-18,0.08684416150739646,12.0,12.0,12.0,0.0,0.0,0.0,0.0,-0.00819812397127695,-0.010732383550544622,0.10589930415153503,0.10538799315690994,0.11443547904491425,0.12239574640989304,333333.0,333333.0,333333.0
unbiased_control_variate_escher,Unbiased Control-Variate ESCHER,2,14,13,260000,2173359.0,5913.7186445419975,0.321354112135443,-0.09267672925783171,0.007070305179831718,0.02450651489198208,0.07047265022993088,0.06723474711179733,0.01789676398038864,0.01789676398038864,outer_iteration,,False,False,experiment_6_new_run,-1.7550045251846313,95598.0,0.990496404755529,0.0,2.0,0.061914175202274754,0.00017145636433217536,0.12875436083868488,0.12890864704075314,0.2496887677284511,1.0239728013884668e-17,0.08274484595746952,13.0,13.0,13.0,0.0,0.0,0.0,0.0,-0.002700471345577604,-0.007130883689921097,0.10805345326662064,0.09470277279615402,0.11638646572828293,0.10332569479942322,333333.0,333333.0,333333.0
unbiased_control_variate_escher,Unbiased Control-Variate ESCHER,2,15,14,280000,2344519.0,6371.949698929999,0.2928361160206297,-0.09379057230315715,0.008184148225157159,0.02164321392774582,0.0705188661813736,0.05561879649758339,0.01575676134477059,0.01575676134477059,outer_iteration,,False,False,experiment_6_new_run,-1.8933384418487549,94902.0,0.9960106955199629,0.0,2.0,0.06949982087972885,0.00014449607647153877,0.12754710683470052,0.12760767298212594,0.23789656211659835,9.691694856529747e-18,0.08001313979214857,14.0,14.0,14.0,0.0,0.0,0.004145447388984591,0.0,0.004145447388984591,-0.0023720510349796164,0.10386573523283005,0.08159974962472916,0.1147497296333313,0.09295250475406647,333333.0,333333.0,333333.0
unbiased_control_variate_escher,Unbiased Control-Variate ESCHER,2,16,15,300000,2514124.0,6828.005832082999,0.2891249606843686,-0.09234038695604704,0.006733962878047048,0.020722564309835434,0.06058530882000923,0.06265731155872345,0.017753781750798225,0.017753781750798225,outer_iteration,,False,False,experiment_6_new_run,-1.8443244695663452,93479.0,0.9979315406427935,0.0,2.0,0.057736328427868876,0.00013957384464589252,0.11568934269474453,0.11557216716649252,0.21288076880212717,8.904141194130856e-18,0.08496644236331366,15.0,15.0,15.0,0.004145447388984591,0.0,0.01095325415971371,0.004636205210356792,0.01095325415971371,0.004636205210356792,0.08784621953964233,0.08252248913049698,0.09894842654466629,0.09890668839216232,333333.0,333333.0,333333.0
unbiased_control_variate_escher,Unbiased Control-Variate ESCHER,2,17,16,320000,2684593.0,7282.890515491003,0.24194605733118837,-0.08784642047099417,0.002239996392994173,0.0191386379301548,0.06039321795105934,0.0482054203748703,0.016156384410957497,0.016156384410957497,outer_iteration,,False,False,experiment_6_new_run,-2.015669584274292,94322.0,0.9921774026810315,0.24429270789795066,1.761549799868115,0.0640194138803622,0.00015324529881565913,0.11216539868359877,0.11216820154002329,0.2065944131702749,8.99228641933726e-18,0.0816722503412384,16.0,16.0,16.0,0.01095325415971371,0.004636205210356792,0.017395731725387997,0.011470911078764745,0.017395731725387997,0.011470911078764745,0.08746363967657089,0.06959936767816544,0.09827971458435059,0.08516280353069305,333333.0,333333.0,333333.0
unbiased_control_variate_escher,Unbiased Control-Variate ESCHER,2,18,17,340000,2855626.0,7734.360386661996,0.23383854062299397,-0.08471780739437373,0.0008886166836262616,0.018683984875679016,0.05762188509106636,0.0588950514793396,0.015101579949259758,0.015101579949259758,outer_iteration,,False,False,experiment_6_new_run,-1.9640482664108276,94656.0,0.998074695296196,0.02499814583247495,2.0,0.05503484316187066,0.000134173015830912,0.11253441101093764,0.11262142022379583,0.2178856901356259,9.905043705111271e-18,0.08234349840023612,17.0,17.0,17.0,0.017395731725387997,0.011470911078764745,0.025717283045943562,0.016768945913375632,0.025717283045943562,0.016768945913375632,0.08394189924001694,0.0799073800444603,0.0977788046002388,0.09203305095434189,333333.0,333333.0,333333.0
unbiased_control_variate_escher,Unbiased Control-Variate ESCHER,2,19,18,360000,3027261.0,8194.453533013002,0.20928517000698724,-0.09443836360380128,0.008831939525801288,0.01651531644165516,0.05720394849777222,0.06710901111364365,0.01827900732556979,0.01827900732556979,outer_iteration,,False,False,experiment_6_new_run,-1.9871305227279663,95156.0,0.9967734952708555,0.257120579271512,1.601587121978704,0.057286636433638134,0.0001232458705074088,0.11634735307172209,0.1163379895284281,0.22858645753210224,1.0165305600611063e-17,0.08436306855488014,18.0,18.0,18.0,0.025717283045943562,0.016768945913375632,0.03183977972473773,0.02060824008738471,0.03183977972473773,0.02060824008738471,0.08365757018327713,0.0928892269730568,0.094709113240242,0.10221551358699799,333333.0,333333.0,333333.0
unbiased_control_variate_escher,Unbiased Control-Variate ESCHER,2,20,19,380000,3197087.0,8651.538478342001,0.16576843031627583,-0.09431239920104503,0.008705975123045037,0.01579275168478489,0.06354773789644241,0.05937499925494194,0.015194409837325415,0.015194409837325415,outer_iteration,,False,False,experiment_6_new_run,-1.9761390686035156,93707.0,1.0003605899425674,0.1698561669075307,1.845789153482873,0.06050089706592145,9.91026181118927e-05,0.11717872384723167,0.11734272594867899,0.22846595058024502,1.0298650508720578e-17,0.08207091727686135,19.0,19.0,19.0,0.03183977972473773,0.02060824008738471,0.035993209458974995,0.024978434607076494,0.035993209458974995,0.024978434607076494,0.09718149900436401,0.08202189207077026,0.1062668040394783,0.09212131798267365,333333.0,333333.0,333333.0
unbiased_control_variate_escher,Unbiased Control-Variate ESCHER,2,21,20,400000,3366017.0,9104.496743470998,0.16701666979406152,-0.09098606308140586,0.005379639003405864,0.015526939183473587,0.059976667165756226,0.05734311416745186,0.017704244703054428,0.017704244703054428,outer_iteration,,False,False,experiment_6_new_run,-2.0032804012298584,93089.0,1.0042635018540482,0.3033371197977037,1.5648900194261182,0.05485193269829314,0.00010069320151618642,0.11372991574171464,0.11400969669089746,0.22769397065362504,9.763251381799164e-18,0.08395676224962094,20.0,20.0,20.0,0.035993209458974995,0.024978434607076494,0.04173194662684565,0.03053615779000385,0.04173194662684565,0.03053615779000385,0.08131198585033417,0.08350549638271332,0.09225212782621384,0.09581790864467621,333333.0,333333.0,333333.0
unbiased_control_variate_escher,Unbiased Control-Variate ESCHER,2,22,21,420000,3534808.0,9550.82737608,0.1616958442130767,-0.08793946926620355,0.0023330451882035558,0.015828294679522514,0.056296348571777344,0.061242569237947464,0.015327113990982374,0.015327113990982374,outer_iteration,,False,False,experiment_6_new_run,-2.0113606452941895,92924.0,1.0035891374051984,0.1833095418814925,1.7420734923354644,0.05521754390181335,0.00010930114075776841,0.10960809286008574,0.10947754249683693,0.2166227452846551,9.339259789114499e-18,0.08265715904673697,21.0,21.0,21.0,0.04173194662684565,0.03053615779000385,0.04874839417734711,0.0370729555429169,0.04874839417734711,0.0370729555429169,0.07649517804384232,0.07636184245347977,0.08922954648733139,0.09020581096410751,333333.0,333333.0,333333.0
unbiased_control_variate_escher,Unbiased Control-Variate ESCHER,2,23,22,440000,3701941.0,10001.320770430997,0.1533272691177771,-0.08819449525983347,0.002588071181833476,0.015807978808879852,0.05438316985964775,0.05814378336071968,0.01703003980219364,0.01703003980219364,outer_iteration,,False,False,experiment_6_new_run,-2.096703052520752,91666.0,0.9991778637666872,0.4359923851675298,1.5164768473270356,0.05791921346175728,0.0001026028463799738,0.10470795820400468,0.10457845948744883,0.20160690025450967,8.938951233470465e-18,0.08252058454418776,22.0,22.0,22.0,0.04874839417734711,0.0370729555429169,0.05341358469230262,0.04356903229591802,0.05341358469230262,0.04356903229591802,0.07454901933670044,0.07499060034751892,0.08445190638303757,0.0887768343091011,333333.0,333333.0,333333.0
unbiased_control_variate_escher,Unbiased Control-Variate ESCHER,2,24,23,460000,3869997.0,10452.905128819002,0.1651877693320549,-0.08569564423455575,8.922015655575544e-05,0.01429800596088171,0.05357131361961365,0.06678550690412521,0.017274648882448673,0.017274648882448673,outer_iteration,,False,False,experiment_6_new_run,-2.044290781021118,92285.0,1.0034130432273085,0.5403525944138416,1.699826863124888,0.053034317469264736,0.00010288186929646784,0.10870564065789004,0.10878238934460513,0.20945287676010407,9.247362303092332e-18,0.08141656847383946,23.0,23.0,23.0,0.05341358469230262,0.04356903229591802,0.05865424493248306,0.048409423908469584,0.05865424493248306,0.048409423908469584,0.07549934834241867,0.09189898520708084,0.08641786873340607,0.10397021472454071,333333.0,333333.0,333333.0
unbiased_control_variate_escher,Unbiased Control-Variate ESCHER,2,25,24,480000,4039530.0,10910.419811849999,0.14098756604643584,-0.08734961898453941,0.0017431949065394164,0.012961921282112598,0.05999467894434929,0.06529566645622253,0.01676232336709897,0.01676232336709897,outer_iteration,,False,False,experiment_6_new_run,-2.085958480834961,93440.0,0.9988010988897263,0.3839151541895022,1.4970404225305887,0.048204758808562835,9.439318653258747e-05,0.1129606189250216,0.11316674924083374,0.2208656111520968,9.809352683271516e-18,0.08396100241933548,24.0,24.0,24.0,0.05865424493248306,0.048409423908469584,0.06312360211952817,0.05053277784103716,0.06312360211952817,0.05053277784103716,0.07708166539669037,0.08719823509454727,0.08743863552808762,0.09497495740652084,333333.0,333333.0,333333.0
unbiased_control_variate_escher,Unbiased Control-Variate ESCHER,2,26,25,500000,4208962.0,11368.638926786996,0.15424901614001574,-0.08595453325364591,0.0003481091756459137,0.015132023952901363,0.04915432259440422,0.0617731548845768,0.015104790528615316,0.015104790528615316,outer_iteration,,False,False,experiment_6_new_run,-2.0421810150146484,93388.0,1.002781673475032,0.11988436262692082,1.8131237647754754,0.05062844406163509,9.099146423800462e-05,0.11631157005220809,0.11639607032446579,0.2237748056029961,9.991279109675821e-18,0.08359705724674246,25.0,25.0,25.0,0.06312360211952817,0.05053277784103716,0.06592169907648504,0.05567991101764391,0.06592169907648504,0.05567991101764391,0.08038774877786636,0.07996208965778351,0.08921487629413605,0.0920213907957077,333333.0,333333.0,333333.0
unbiased_control_variate_escher,Unbiased Control-Variate ESCHER,2,27,26,520000,4378337.0,11824.122914150998,0.14319404290524165,-0.08367754927530804,0.0019288748026919517,0.012887340970337391,0.050249069929122925,0.05938424542546272,0.016013746460278828,0.016013746460278828,outer_iteration,,False,False,experiment_6_new_run,-1.5506622791290283,93398.0,1.0003957205461713,0.24465084497231782,1.7101972130642815,0.050718697792646594,8.813720300322213e-05,0.11509603926495557,0.11536903974569052,0.22381058442748558,9.976312102894948e-18,0.08523822283223251,26.0,26.0,26.0,0.06592169907648504,0.05567991101764391,0.07109138492795963,0.060656480749834873,0.07109138492795963,0.060656480749834873,0.07633199542760849,0.0749843493103981,0.08789414167404175,0.08668997138738632,333333.0,333333.0,333333.0
unbiased_control_variate_escher,Unbiased Control-Variate ESCHER,2,28,27,540000,4547206.0,12279.074053033,0.14149191059300636,-0.08171337474974044,0.003893049328259554,0.012885558418929577,0.06091807410120964,0.05441698431968689,0.017644592250386875,0.017644592250386875,outer_iteration,,False,False,experiment_6_new_run,-2.1086018085479736,93110.0,1.0026247375528827,0.4488570207875233,1.5479508357104335,0.050512063094063524,8.849108102688676e-05,0.11591220834579131,0.11634505381665597,0.21871049513714969,9.550757817700291e-18,0.08524135291034869,27.0,27.0,27.0,0.07109138492795963,0.060656480749834873,0.0761359928151033,0.06533685508069265,0.0761359928151033,0.06533685508069265,0.08025462925434113,0.07264574617147446,0.0923515185713768,0.0839533880352974,333333.0,333333.0,333333.0
unbiased_control_variate_escher,Unbiased Control-Variate ESCHER,2,29,28,560000,4715721.0,12731.393570187996,0.12884357447903388,-0.08793320121009468,0.0023267771320946845,0.012094610370695591,0.05761567875742912,0.06081753969192505,0.017979454870025318,0.017979454870025318,outer_iteration,,False,False,experiment_6_new_run,-2.03676176071167,92683.0,1.0023152242357574,0.0,1.4872979087588334,0.0494361219959548,9.307932914144004e-05,0.11175717021345499,0.11186531635186414,0.21834848565253803,9.579696153393766e-18,0.0860613496452234,28.0,28.0,28.0,0.0761359928151033,0.06533685508069265,0.08041919410517173,0.06838639938666624,0.08041919410517173,0.06838639938666624,0.07735048234462738,0.08308528363704681,0.08871152997016907,0.09309650957584381,333333.0,333333.0,333333.0
